Workbook

Sheet Project Pairs
A1: GACC | B1: WP | C1: TP | D1: FOUS | E1: FOUS CPAPD FINAL | O1: AveGrwth>2.5Ls | P1: R^2 Scaled Ls | Q1: Ave Growth over 2.5 As | R1: LF | S1: LF CPAPD FINAL | T1: AveGrwth>2.5Ls | U1: Average Growth over 2.5 As | X1: R^2 Scaled Ls | Y1: Fire within 60km of FOUS at same time? | Z1: Non FOUS burning at same time as FOUS | AA1: Ls_1st_>2.5 | AB1: Day >2.5
A2: Northern California | B2: 21 | C2: 1 | D2: Antelope 2021 | E2: =[1]Antelope_FOUS_1!O77 -> 581.95178 | G2: Y | O2: =AVERAGE([1]Antelope_FOUS_1!H4,[1]Antelope_FOUS_1!H5,[1]Antelope_FOUS_1!H6,[1]Antelope_FOUS_1!H42,[1]Antelope_FOUS_1!H43,[1]Antelope_FOUS_1!H44) -> 4.5082621 | Q2: =AVERAGE([1]Antelope_FOUS_1!J5,[1]Antelope_FOUS_1!J6,[1]Antelope_FOUS_1!J43,[1]Antelope_FOUS_1!J44) -> 5.7088706 | R2: Lava 2021 | S2: ='[2]LavaLF(17)'!P73 -> 1509.3071 | T2: =AVERAGE('[2]LavaLF(17)'!L4,'[2]LavaLF(17)'!L7) -> 6.5854196 | U2: =AVERAGE('[2]LavaLF(17)'!J7,'[2]LavaLF(17)'!J8,'[2]LavaLF(17)'!J10) -> 11.277771 | V2: lightning | W2: Y | Y2: yes | Z2: Lava | AA2: yes
A3: Northwest | B3: 22 | C3: 2 | D3: Archie Creek 2020 | E3: 348 | G3: Y | O3: =AVERAGE([3]ArchieCrk_FOUS_2!J2,[3]ArchieCrk_FOUS_2!J3) -> 8.1725289 | Q3: =AVERAGE([3]ArchieCrk_FOUS_2!I2,[3]ArchieCrk_FOUS_2!I3) -> 7.0302831 | R3: Cinder Butte 2017 | S3: ='[4]CinderButteLF(23)'!P13 -> 102.01439 | T3: =AVERAGE('[4]CinderButteLF(23)'!L2,'[4]CinderButteLF(23)'!L5) -> 3.1504849 | U3: =AVERAGE('[4]CinderButteLF(23)'!J5) -> 8.3114352 | V3: unknown | W3: N | Y3: yes | Z3: Tortolita | AA3: yes | AB3: 43989
A4: Great Basin | B4: 23 | C4: 3 | D4: Badger 2020 | E4: 201 | G4: Y | O4: =AVERAGE([5]Badger_FOUS_3!H3,[5]Badger_FOUS_3!H4,[5]Badger_FOUS_3!H5,[5]Badger_FOUS_3!H8) -> 4.2255848 | Q4: =AVERAGE([5]Badger_FOUS_3!G5,[5]Badger_FOUS_3!G8) -> 9.6120608 | R4: Black Pine 2007 | U4: =AVERAGE('[6]BlackPineLF(21)'!I4) -> 7.9000451 | W4: Y | Y4: no | Z4: no
A5: Northwest | B5: 24 | C5: 4 | D5: Beachie Creek 2020 | E5: =[7]BeachieCrk_FOUS_4!N76 -> 176.39389 | G5: Y | H5: 44 49 16 N | I5: 122 11 17 W | J5: 44059 | K5: 44100 | M5: 192843 | N5: =K5-J5 -> 41 | O5: =AVERAGE([7]BeachieCrk_FOUS_4!J25,[7]BeachieCrk_FOUS_4!J26) -> 24.414783 | Q5: =AVERAGE([7]BeachieCrk_FOUS_4!I26,[7]BeachieCrk_FOUS_4!I25) -> 34.958111 | R5: County Line 2 2015 | S5: ='[8](2)CountyLine2LF'!O23 -> 183.01665 | T5: =AVERAGE('[8](2)CountyLine2LF'!K2,'[8](2)CountyLine2LF'!K4,'[8](2)CountyLine2LF'!K6) -> 6.4054193 | U5: =AVERAGE('[8](2)CountyLine2LF'!I2,'[8](2)CountyLine2LF'!I4,'[8](2)CountyLine2LF'!I6) -> 5.6705204 | V5: human | W5: Y | Y5: yes
A6: Southwest | B6: 25 | C6: 5 | D6: Bighorn 2020 | E6: 425 | G6: Y | O6: =AVERAGE([9]Bighorn_FOUS_5!I12) -> 3.433069 | Q6: =AVERAGE([9]Bighorn_FOUS_5!H12,[9]Bighorn_FOUS_5!H15,[9]Bighorn_FOUS_5!H18,[9]Bighorn_FOUS_5!H22) -> 3.088361 | R6: Burro 2017 | S6: 399 | T6: =AVERAGE('[10]BurroLF(24)'!I4) -> 2.5384179 | U6: =AVERAGE('[10]BurroLF(24)'!G4,'[10]BurroLF(24)'!G5) -> 3.9743852 | V6: unknown | W6: N | Y6: yes | Z6: Central, Boulder | AA6: no | AC6: Both started after >2.5 day
A7: Southwest | B7: 26 | C7: 6 | D7: Black Fire 2022 | E7: =[11]Black_FOUS_6!T49 -> 183.30422 | F7: human | H7: 33 12 13 N | I7: 108 3 33 W | J7: 44694 | K7: 44731 | M7: 325111 | N7: =K7-J7 -> 37 | O7: =AVERAGE([11]Black_FOUS_6!P3,[11]Black_FOUS_6!P4) -> 4.312821 | Q7: =AVERAGE([11]Black_FOUS_6!O5) -> 5.5169529 | R7: Bear Trap 2022 | S7: ='[12](3)Bear TrapLF'!AB40 -> 497.0569 | T7: 0 | U7: =0 -> 0 | V7: undetermined | Y7: yes
A8: Southern California | B8: 27 | C8: 7 | D8: Bobcat 2020 | E8: =[13]Bobcat_FOUS_7!L55 -> 988.22854 | G8: Y | O8: =AVERAGE([13]Bobcat_FOUS_7!H2,[13]Bobcat_FOUS_7!H4,[13]Bobcat_FOUS_7!H15) -> #REF! | Q8: =AVERAGE([13]Bobcat_FOUS_7!H2,[13]Bobcat_FOUS_7!H4,[13]Bobcat_FOUS_7!H15,) -> #REF! | R8: Dome 2020 | S8: ='[14]DomeLF(12)'!O11 -> 58.17771 | T8: 0 | U8: =AVERAGE('[14]DomeLF(12)'!I4) -> 5.0664387 | V8: lightning | W8: N | Y8: no | Z8: no
A9: Northwest | B9: 28 | C9: 8 | D9: Bootleg 2021 | E9: 277 | G9: Y | O9: =AVERAGE('[15]BootlegFOUS(28)'!K2,'[15]BootlegFOUS(28)'!K4,'[15]BootlegFOUS(28)'!K6) -> 2.9960054 | Q9: =AVERAGE('[15]BootlegFOUS(28)'!I6,'[15]BootlegFOUS(28)'!I12) -> 5.7765366 | R9: Watson Creek 2018 | S9: 381 | T9: =AVERAGE('[16]WatsonCreekLF(28)'!I3,'[16]WatsonCreekLF(28)'!I4,'[16]WatsonCreekLF(28)'!I5,'[16]WatsonCreekLF(28)'!I6) -> 4.1286316 | U9: =AVERAGE('[16]WatsonCreekLF(28)'!G4,'[16]WatsonCreekLF(28)'!G6,'[16]WatsonCreekLF(28)'!G7,'[16]WatsonCreekLF(28)'!G10) -> 3.3413287 | V9: human | W9: N | Y9: yes
A10: Southwest | B10: 29 | C10: 9 | D10: Bush 2020 | E10: 69 | G10: Y | O10: =AVERAGE('[17]BushFOUS(19)'!I2,'[17]BushFOUS(19)'!I3) -> 3.4852948 | Q10: ='[17]BushFOUS(19)'!H7 -> 3.0366545 | R10: Juniper 2016 | S10: 467 | T10: =AVERAGE('[18]JuniperLF(19)'!H6) -> 2.6475686 | U10: =AVERAGE('[18]JuniperLF(19)'!F17) -> 4.8881852 | V10: lightning | W10: N | Y10: yes
A11: Northern Califormia | B11: 30 | C11: 10 | D11: Caldor 2021 | E11: 1399 | G11: Y | O11: =AVERAGE('[19]CaldorFOUS(22)'!L3,'[19]CaldorFOUS(22)'!L4) -> 6.5612643 | Q11: =AVERAGE('[19]CaldorFOUS(22)'!K4,'[19]CaldorFOUS(22)'!K16,) -> 7.0365661 | R11: Butte 2015 | S11: ='[20]ButteLF(22)'!P24 -> 1313.8521 | T11: =AVERAGE('[20]ButteLF(22)'!L2,'[20]ButteLF(22)'!L3,'[20]ButteLF(22)'!L4) -> #REF! | U11: =AVERAGE('[20]ButteLF(22)'!L2,'[20]ButteLF(22)'!L3,'[20]ButteLF(22)'!L4) -> #REF! | V11: unknown | W11: Y | Y11: no | Z11: no
A12: Rocky Mountain | B12: 31 | C12: 11 | D12: Cameron Peak 2020 | E12: 731 | G12: Y | O12: =AVERAGE('[21]CameronPeakFOUS(29)'!J2,'[21]CameronPeakFOUS(29)'!J4,'[21]CameronPeakFOUS(29)'!J24,'[21]CameronPeakFOUS(29)'!J25,'[21]CameronPeakFOUS(29)'!J45,'[21]CameronPeakFOUS(29)'!J65,'[21]CameronPeakFOUS(29)'!J66) -> 4.7203712 | Q12: =AVERAGE('[21]CameronPeakFOUS(29)'!I25,'[21]CameronPeakFOUS(29)'!I26,'[21]CameronPeakFOUS(29)'!I27) -> 13.884024 | R12: High Park 2012 | S12: 49 | T12: 6.2 | U12: =AVERAGE('[22]HighParkLF(29)'!E3,'[22]HighParkLF(29)'!E4,'[22]HighParkLF(29)'!E16) -> 4.9434872 | V12: lightning | W12: Y | Y12: yes, 2 plus 2 FOUS
A13: Northwest | B13: 32 | C13: 12 | D13: Cougar Peak 2021 | E13: ='[23]CougarPeakFOUS(15)'!M29 -> 320.22394 | G13: N | O13: =AVERAGE('[23]CougarPeakFOUS(15)'!I3,'[23]CougarPeakFOUS(15)'!I4) -> 5.4499517 | Q13: =AVERAGE('[23]CougarPeakFOUS(15)'!H3,'[23]CougarPeakFOUS(15)'!H4) -> 12.510032 | R13: Brattain 2020 | S13: ='[24]BrattainLF(15)'!N24 -> 214.48731 | T13: =AVERAGE('[24]BrattainLF(15)'!J8) -> 3.5033504 | U13: =AVERAGE('[24]BrattainLF(15)'!I8) -> 7.0014327 | V13: human | W13: Y | Y13: no | Z13: no
A14: Southern California | B14: 33 | C14: 13 | D14: Creek 2020 | E14: ='[25](4)CreekFOUS'!O83 -> 581.35938 | F14: undetermined | G14: Y | H14: 37 12 4 N | I14: 119 16 18 W | J14: 44078 | K14: 44132 | M14: 374770 | N14: =K14-J14 -> 54 | O14: =AVERAGE('[25](4)CreekFOUS'!K3,'[25](4)CreekFOUS'!K4,'[25](4)CreekFOUS'!K5,'[25](4)CreekFOUS'!K6) -> 8.9757632 | Q14: =AVERAGE('[25](4)CreekFOUS'!J3,'[25](4)CreekFOUS'!J4,'[25](4)CreekFOUS'!J5,'[25](4)CreekFOUS'!J6,'[25](4)CreekFOUS'!J13,'[25](4)CreekFOUS'!J16,) -> 6.2097324 | R14: Donnell 2018 | S14: ='[26](4)DonnellLF'!R43 -> 1099.6144 | T14: =AVERAGE('[26](4)DonnellLF'!N3,'[26](4)DonnellLF'!N5,'[26](4)DonnellLF'!N6,'[26](4)DonnellLF'!N7,'[26](4)DonnellLF'!N9) -> 3.8435772 | U14: =AVERAGE('[26](4)DonnellLF'!M6,'[26](4)DonnellLF'!M7,'[26](4)DonnellLF'!M9,'[26](4)DonnellLF'!M10,'[26](4)DonnellLF'!M12,'[26](4)DonnellLF'!M22) -> 4.2604938 | V14: unknown | W14: N | Y14: yes
A15: Northern California | B15: 34 | C15: 14 | D15: Dixie 2021 | E15: ='[27]DixieFOUS(7)'!T106 -> 748.2317 | G15: Y | O15: =AVERAGE('[27]DixieFOUS(7)'!P3,'[27]DixieFOUS(7)'!P4,'[27]DixieFOUS(7)'!P9,'[27]DixieFOUS(7)'!P10,'[27]DixieFOUS(7)'!P12,'[27]DixieFOUS(7)'!P13) -> 4.616172 | Q15: =AVERAGE('[27]DixieFOUS(7)'!O9,'[27]DixieFOUS(7)'!O12,'[27]DixieFOUS(7)'!O13,'[27]DixieFOUS(7)'!O25,'[27]DixieFOUS(7)'!O28,'[27]DixieFOUS(7)'!O38,'[27]DixieFOUS(7)'!O39,'[27]DixieFOUS(7)'!O40,'[27]DixieFOUS(7)'!O51,'[27]DixieFOUS(7)'!O52,) -> 5.2069689 | R15: Walker 2019 | S15: ='[28]WalkerLF(7)'!T23 -> 759.43823 | T15: =AVERAGE('[28]WalkerLF(7)'!P5) -> 6.061323 | U15: =AVERAGE('[28]WalkerLF(7)'!N5,'[28]WalkerLF(7)'!N6) -> 7.080263 | V15: unknown | W15: Y | Y15: yes
A16: Southern California | B16: 35 | C16: 15 | D16: Dolan 2020 | E16: 659 | G16: Y | O16: =AVERAGE('[29]DolanFOUS(30)'!I3,'[29]DolanFOUS(30)'!I22,'[29]DolanFOUS(30)'!I23) -> 6.5290048 | Q16: =AVERAGE('[29]DolanFOUS(30)'!H22,'[29]DolanFOUS(30)'!H23,'[29]DolanFOUS(30)'!H24) -> 15.954326 | R16: Chimney 2016 | S16: ='[30]ChimneyLF(30)'!M25 -> 1634.2559 | T16: =AVERAGE('[30]ChimneyLF(30)'!I3,'[30]ChimneyLF(30)'!I4,'[30]ChimneyLF(30)'!I5,'[30]ChimneyLF(30)'!I6) -> 4.1286316 | U16: =AVERAGE('[30]ChimneyLF(30)'!G4,'[30]ChimneyLF(30)'!G6,'[30]ChimneyLF(30)'!G7,'[30]ChimneyLF(30)'!G10) -> 3.2150744 | V16: human | W16: Y | Y16: yes
A17: Rocky Mountain | B17: 36 | C17: 16 | D17: East Troublesome 2020 | E17: 93 | G17: Y | O17: =AVERAGE('[31]EastTroublesomeFOUS(18)'!I3) -> 3.0825435 | Q17: =AVERAGE('[31]EastTroublesomeFOUS(18)'!H9,'[31]EastTroublesomeFOUS(18)'!H10) -> 13.262775 | R17: Beaver Creek 2016 | S17: 996 | T17: =AVERAGE('[32]BeaverCreekLF(18)'!I2,'[32]BeaverCreekLF(18)'!I4,'[32]BeaverCreekLF(18)'!I5,'[32]BeaverCreekLF(18)'!I10,'[32]BeaverCreekLF(18)'!I11,'[32]BeaverCreekLF(18)'!I12,'[32]BeaverCreekLF(18)'!I22,'[32]BeaverCreekLF(18)'!I23,'[32]BeaverCreekLF(18)'!I30,'[32]BeaverCreekLF(18)'!I41) -> 6.6199271 | U17: =AVERAGE('[32]BeaverCreekLF(18)'!H4,'[32]BeaverCreekLF(18)'!H5,'[32]BeaverCreekLF(18)'!H10,'[32]BeaverCreekLF(18)'!H11,'[32]BeaverCreekLF(18)'!H12,'[32]BeaverCreekLF(18)'!H22,'[32]BeaverCreekLF(18)'!H23,'[32]BeaverCreekLF(18)'!H41) -> 6.4688468 | V17: unknown | W17: N | Y17: yes
A18: Northwest | B18: 37 | C18: 17 | D18: Holiday Farm 2020 | E18: 192 | G18: Y | O18: =AVERAGE('[33]HolidayFarmFOUS(26)'!J2,'[33]HolidayFarmFOUS(26)'!J3) -> 5.8559023 | Q18: =AVERAGE('[33]HolidayFarmFOUS(26)'!I2,'[33]HolidayFarmFOUS(26)'!I3,'[33]HolidayFarmFOUS(26)'!I4) -> 13.653574 | R18: Pole Creek 2012 | S18: ='[34]PoleCreekLF(26)'!O31 -> 848.85154 | T18: =AVERAGE('[34]PoleCreekLF(26)'!K2,'[34]PoleCreekLF(26)'!K3,'[34]PoleCreekLF(26)'!K8) -> 3.4337919 | U18: =AVERAGE('[34]PoleCreekLF(26)'!I8) -> 8.9568949 | V18: unknown | W18: N | Y18: no | Z18: no
A19: Northwest | B19: 38 | C19: 18 | D19: Lionshead 2020 | E19: 348 | G19: Y | O19: =AVERAGE('[35]LionsheadFOUS(27)'!I23,'[35]LionsheadFOUS(27)'!I24,'[35]LionsheadFOUS(27)'!I28) -> 8.5289723 | Q19: =AVERAGE('[35]LionsheadFOUS(27)'!H23,'[35]LionsheadFOUS(27)'!H24,'[35]LionsheadFOUS(27)'!H28,'[35]LionsheadFOUS(27)'!H29) -> 13.381985 | R19: Black Rock 2014 | S19: 16 | T19: =AVERAGE('[36]BlackRockLF(27)'!J7) -> 9.8911911 | U19: =AVERAGE('[36]BlackRockLF(27)'!H7) -> 10.511269 | V19: unknown | W19: Y | Y19: yes, 3 plus 2 FOUS
A20: Northern California | B20: 39 | C20: 19 | D20: McFarland 2021 | E20: 418 | G20: Y | O20: =AVERAGE('[37]McFarlandFOUS(25)'!G5,'[37]McFarlandFOUS(25)'!G6,'[37]McFarlandFOUS(25)'!G20) -> 3.7813411 | Q20: =AVERAGE('[37]McFarlandFOUS(25)'!F20) -> 17.23032 | R20: Zogg 2020 | S20: ='[38]ZoggLF(25)'!O18 -> 629.75874 | T20: =AVERAGE('[38]ZoggLF(25)'!K2,'[38]ZoggLF(25)'!K3) -> 4.0954029 | U20: =AVERAGE('[38]ZoggLF(25)'!I3,'[38]ZoggLF(25)'!I4) -> 6.5030175 | V20: unknown | W20: Y | Y20: no | Z20: no
A21: Northern California | B21: 40 | C21: 20 | D21: Monument 2021 | E21: ='[39](6)MonumentFOUS'!N89 -> 829.80693 | G21: Y | H21: 40 45 8 N | I21: 123 20 12 W | J21: 44407 | K21: 44460 | M21: 219254 | N21: =K21-J21 -> 53 | O21: =AVERAGE('[39](6)MonumentFOUS'!J4,'[39](6)MonumentFOUS'!J5,'[39](6)MonumentFOUS'!J6,'[39](6)MonumentFOUS'!J7,'[39](6)MonumentFOUS'!J8,'[39](6)MonumentFOUS'!J9,'[39](6)MonumentFOUS'!J20,'[39](6)MonumentFOUS'!J19,) -> 3.0070702 | Q21: =AVERAGE('[39](6)MonumentFOUS'!I9,'[39](6)MonumentFOUS'!I19,'[39](6)MonumentFOUS'!I20) -> 5.9507001 | R21: Delta 2018 | S21: ='[40](6)DeltaLF'!P32 -> 1030.1449 | T21: =AVERAGE('[40](6)DeltaLF'!L3) -> 6.3585579 | U21: =AVERAGE('[40](6)DeltaLF'!J2,'[40](6)DeltaLF'!J4,'[40](6)DeltaLF'!J5,'[40](6)DeltaLF'!J7,'[40](6)DeltaLF'!J8) -> 4.8038224 | V21: human | W21: Y | Y21: yes, 3 plus 1 FOUS
A22: Great Basin | B22: 41 | C22: 21 | D22: Moose 2022 | E22: ='[41]MooseFOUS(13)'!O111 -> 754.19531 | F22: human | G22: Y | O22: =AVERAGE('[41]MooseFOUS(13)'!K2,'[41]MooseFOUS(13)'!K3,'[41]MooseFOUS(13)'!K4,'[41]MooseFOUS(13)'!K5,'[41]MooseFOUS(13)'!K6,'[41]MooseFOUS(13)'!K8,'[41]MooseFOUS(13)'!K7,'[41]MooseFOUS(13)'!K15,'[41]MooseFOUS(13)'!K17) -> 5.9269046 | Q22: =AVERAGE('[41]MooseFOUS(13)'!J3,'[41]MooseFOUS(13)'!J4,'[41]MooseFOUS(13)'!J5,'[41]MooseFOUS(13)'!J6,'[41]MooseFOUS(13)'!J7,'[41]MooseFOUS(13)'!J8,'[41]MooseFOUS(13)'!J9,'[41]MooseFOUS(13)'!J15,'[41]MooseFOUS(13)'!J16,'[41]MooseFOUS(13)'!J18,'[41]MooseFOUS(13)'!J20,'[41]MooseFOUS(13)'!J33,'[41]MooseFOUS(13)'!J34,) -> 3.5662938 | R22: Trail Creek 2021 | T22: =AVERAGE('[42]TrailCreekLF(13)'!I3,'[42]TrailCreekLF(13)'!I5,'[42]TrailCreekLF(13)'!I6,'[42]TrailCreekLF(13)'!I7,'[42]TrailCreekLF(13)'!I10,'[42]TrailCreekLF(13)'!I11,'[42]TrailCreekLF(13)'!I12,'[42]TrailCreekLF(13)'!I19) -> 5.7568083 | U22: =AVERAGE('[42]TrailCreekLF(13)'!G6,'[42]TrailCreekLF(13)'!G7,'[42]TrailCreekLF(13)'!G10,'[42]TrailCreekLF(13)'!G11,'[42]TrailCreekLF(13)'!G12,'[42]TrailCreekLF(13)'!G19,'[42]TrailCreekLF(13)'!G20) -> 5.2791995 | W22: N | Y22: yes, 4
A23: Rocky Mountain | B23: 42 | C23: 22 | D23: Mullen 2020 | E23: ='[43]MullenFOUS(14)'!M47 -> 274.31085 | F23: undetermined | G23: Y | O23: =AVERAGE('[43]MullenFOUS(14)'!H2,'[43]MullenFOUS(14)'!H8,'[43]MullenFOUS(14)'!H9,'[43]MullenFOUS(14)'!H13) -> 4.6028908 | Q23: =AVERAGE('[43]MullenFOUS(14)'!G9,'[43]MullenFOUS(14)'!G10,'[43]MullenFOUS(14)'!G13,'[43]MullenFOUS(14)'!G14,) -> 4.5029433 | R23: Ryan 2018 | S23: ='[44]RyanLF(14)'!M28 -> 333.8493 | T23: =AVERAGE('[44]RyanLF(14)'!I3,'[44]RyanLF(14)'!I9,'[44]RyanLF(14)'!I10) -> 3.7200371 | U23: =AVERAGE('[44]RyanLF(14)'!G9,'[44]RyanLF(14)'!G10) -> 4.9540446 | V23: undetermined | W23: N | Y23: no | Z23: no
A24: Rocky Mountain | B24: 43 | C24: 23 | D24: Pine Gulch 2020 | E24: ='[45]PineGulchFOUS(10)'!L55 -> 288.12592 | F24: lightning | G24: Y | O24: =AVERAGE('[45]PineGulchFOUS(10)'!H7,'[45]PineGulchFOUS(10)'!H13,'[45]PineGulchFOUS(10)'!H14,'[45]PineGulchFOUS(10)'!H20) -> 2.8360135 | Q24: =AVERAGE('[45]PineGulchFOUS(10)'!G13,'[45]PineGulchFOUS(10)'!G14) -> 6.0779169 | R24: Bull Draw 2018 | S24: ='[46]BullDrawLF(10)'!L76 -> 392.19534 | T24: =AVERAGE('[46]BullDrawLF(10)'!H13) -> 3.9569004 | U24: =AVERAGE('[46]BullDrawLF(10)'!H13) -> 3.9569004 | V24: unknown | W24: N | Y24: no | Z24: no
A25: Northern Rockies | B25: 44 | C25: 24 | D25: Richard Springs 2021 | E25: ='[47]RichardSpringFOUS(9)'!O15 -> 42.949454 | F25: undetermined | G25: Y | O25: =AVERAGE('[47]RichardSpringFOUS(9)'!K4) -> 3.5072805 | Q25: =AVERAGE('[47]RichardSpringFOUS(9)'!J4) -> 8.7758312 | R25: Sarpy 2020 | S25: ='[48]SarpyLF(9)'!R11 -> 20.901993 | T25: =AVERAGE('[48]SarpyLF(9)'!I4) -> 4.7361547 | U25: =AVERAGE('[48]SarpyLF(9)'!G4) -> 8.91194 | V25: unknown | W25: N | Y25: yes
A26: Northwest | B26: 45 | C26: 25 | D26: Riverside 2020 | E26: 170 | G26: Y | O26: =AVERAGE(#REF!,#REF!) -> #REF! | R26: Nena Springs 2017 | S26: ='[49]NenaSpringsLF(16)'!O24 -> 159.38991 | T26: =AVERAGE('[49]NenaSpringsLF(16)'!K3) -> 5.4395144 | U26: =0 -> 0 | V26: human | W26: Y | Y26: yes
A27: Northwest | B27: 46 | C27: 26 | D27: Schneider Springs 2021 | E27: 568 | G27: Y | O27: =AVERAGE('[50]SchneiderSpringsFOUS(20)'!K2,'[50]SchneiderSpringsFOUS(20)'!K9,'[50]SchneiderSpringsFOUS(20)'!K13,'[50]SchneiderSpringsFOUS(20)'!K15,'[50]SchneiderSpringsFOUS(20)'!K16) -> 6.1842196 | Q27: =AVERAGE('[50]SchneiderSpringsFOUS(20)'!J9,'[50]SchneiderSpringsFOUS(20)'!J13,'[50]SchneiderSpringsFOUS(20)'!J15,'[50]SchneiderSpringsFOUS(20)'!J16,) -> 4.7259041 | R27: Jolly Mountain 2017 | S27: ='[51]JollyMountainLF(20)'!AE57 -> 825.56782 | T27: =AVERAGE('[51]JollyMountainLF(20)'!AA2,'[51]JollyMountainLF(20)'!AA20,'[51]JollyMountainLF(20)'!AA23,'[51]JollyMountainLF(20)'!AA24) -> 2.7487801 | U27: =AVERAGE('[51]JollyMountainLF(20)'!Y23,'[51]JollyMountainLF(20)'!Y24,'[51]JollyMountainLF(20)'!Y25,'[51]JollyMountainLF(20)'!Y37) -> 4.5889481 | V27: unknown | W27: Y | Y27: yes, but landscape differences, W and E of Cascade crest
A28: Northern California | B28: 47 | C28: 27 | D28: Slater 2020 | E28: ='[52](1)SlaterFOUS'!M58 -> 375.83965 | G28: Y | H28: 41 51 29 N | I28: 123 21 13 W | J28: 44082 | K28: 44138 | M28: 157270 | N28: =K28-J28 -> 56 | O28: =AVERAGE('[52](1)SlaterFOUS'!I2,'[52](1)SlaterFOUS'!I3,'[52](1)SlaterFOUS'!I4,) -> 12.421189 | Q28: =AVERAGE('[52](1)SlaterFOUS'!H4,'[52](1)SlaterFOUS'!H3,'[52](1)SlaterFOUS'!H2) -> 17.728556 | R28: McKinney 2022 | S28: ='[53](1)McKinneyLF'!T102 -> 1605.9729 | T28: =AVERAGE('[53](1)McKinneyLF'!P3,'[53](1)McKinneyLF'!P4) -> 11.566781 | U28: =AVERAGE('[53](1)McKinneyLF'!N3,'[53](1)McKinneyLF'!N4) -> 43.086817 | V28: undetermined | Y28: yes
A29: Southwest | B29: 48 | C29: 28 | D29: Telegraph 2021 | E29: ='[54]TelegraphFOUS(11)'!N31 -> 227.70716 | G29: Y | O29: =AVERAGE('[54]TelegraphFOUS(11)'!J2,'[54]TelegraphFOUS(11)'!J3,'[54]TelegraphFOUS(11)'!J11) -> 3.0148069 | Q29: =AVERAGE('[54]TelegraphFOUS(11)'!I4,) -> 1.9981743 | R29: Mescal 2021 | S29: ='[55]MescalLF(11)'!M18 -> 188.98169 | T29: =AVERAGE('[55]MescalLF(11)'!I5) -> 4.5840298 | U29: =AVERAGE('[55]MescalLF(11)'!G5) -> 5.2317647 | V29: undetermined | W29: Y | Y29: yes
A30: Northwest | B30: 49 | C30: 29 | D30: Whitney 2020 | E30: ='[56](5)WhitneyFOUS'!N10 -> 29.6342 | F30: undetermined | G30: Y | H30: 47 42 26 N | I30: 118 15 37 W | J30: 44082 | K30: 44088 | M30: 127430 | N30: =K30-J30 -> 6 | O30: =AVERAGE('[56](5)WhitneyFOUS'!J2) -> 7.1897631 | Q30: ='[56](5)WhitneyFOUS'!I2 -> 6.4615868 | R30: Williams Flats 2019 | S30: ='[57](5)WilliamsFlatLF'!P25 -> 509.31158 | T30: =AVERAGE('[57](5)WilliamsFlatLF'!L3,'[57](5)WilliamsFlatLF'!L7) -> 5.0915042 | U30: =AVERAGE('[57](5)WilliamsFlatLF'!J4,'[57](5)WilliamsFlatLF'!J8,'[57](5)WilliamsFlatLF'!J9) -> 4.9872654 | V30: unknown | W30: N | Y30: yes
A31: Great Basin | B31: 50 | C31: 30 | D31: Woodhead 2020 | E31: ='[58]WoodheadFOUS(8)'!S40 -> 132.95272 | G31: Y | O31: =AVERAGE('[58]WoodheadFOUS(8)'!O3) -> 12.752305 | Q31: =AVERAGE('[58]WoodheadFOUS(8)'!N3,'[58]WoodheadFOUS(8)'!N9,'[58]WoodheadFOUS(8)'!N5) -> 8.6979734 | R31: Mesa 2018 | S31: ='[59]MesaLF(8)'!T32 -> 522.24593 | T31: =AVERAGE('[59]MesaLF(8)'!P2,'[59]MesaLF(8)'!P3) -> 3.9844241 | U31: =AVERAGE('[59]MesaLF(8)'!N2,'[59]MesaLF(8)'!N3,'[59]MesaLF(8)'!N4) -> 7.6124216 | V31: human | W31: N | Y31: no | Z31: no
D34: Mean | E34: =AVERAGE(E4:E33) -> 410.83085 | O34: =AVERAGE(O4:O33) -> #REF! | Q34: =AVERAGE(Q4:Q32) -> #REF! | S34: =AVERAGE(S4:S33) -> 582.11811 | T34: =AVERAGE(T2:T33) -> #REF!
D36: Median | E36: =MEDIAN(E4:E33) -> 304.17493 | F36: =MEDIAN(F4:F33) -> #NUM! | G36: =MEDIAN(G4:G33) -> #NUM! | H36: =MEDIAN(H4:H33) -> #NUM! | I36: =MEDIAN(I4:I33) -> #NUM! | J36: =MEDIAN(J4:J33) -> 44082 | K36: =MEDIAN(K4:K33) -> 44135 | L36: =MEDIAN(L4:L33) -> #NUM! | ... O36: =MEDIAN(O4:O33) -> #REF! | S36: =MEDIAN(S4:S33) -> 482.02845 | T36: =MEDIAN(T2:T33) -> #REF!
T43: =AVERAGE(T4:T32) -> #REF! | U43: =AVERAGE(U4:U32) -> #REF!
V45: Y = IN WUI | W45: =14/28 -> 0.5

Sheet Inflation Rates by Year
A1: Year | B1: CPI Deflator (annual %) | C1: 2021-22 | D1: 2020-22 | E1: 2019-22 | F1: 2018-22 | G1: 2017-22 | H1: 2016-22 | I1: 2015-22 | J1: 2014-22 | K1: 2013-22 | L1: 2012-22 | M1: 2011-22 | N1: 2010-22 | O1: 2009-22 | P1: 2008-22 | Q1: 2007-22
A2: 2022 | B2: 0.08 | C2: =(1+B3)*(1+B2) -> 1.13076 | D2: =C2*(1+B4) -> 1.1443291 | E2: =D2*(1+B5) -> 1.164927 | F2: =E2*(1+B6) -> 1.1928853 | G2: =F2*(1+B7) -> 1.2179359 | H2: =G2*(1+B8) -> 1.2337691 | I2: =H2*(1+B9) -> 1.2461067 | J2: =I2*(1+B10) -> 1.2660444 | K2: =J2*(1+B11) -> 1.2850351 | L2: =K2*(1+B12) -> 1.3120209
A3: 2021 | B3: 0.047
A4: 2020 | B4: 0.012
A5: 2019 | B5: 0.018
A6: 2018 | B6: 0.024
A7: 2017 | B7: 0.021
A8: 2016 | B8: 0.013
A9: 2015 | B9: 0.01
A10: 2014 | B10: 0.016
A11: 2013 | B11: 0.015
A12: 2012 | B12: 0.021

Sheet XLFCandidates
A1: XLF | B1: LF CPAPD FINAL
A3: McCash 2021 | B3: 635
A5: North Star 2015 | B5: 257
A7: Johnson 2021 | B7: 95
A9: Rough 2015 | B9: 994
A11: Grass Valley 2018 | B11: 14
A13: Carr 2018 | B13: 825
A15: Camp 2018 | B15: 800
A17: Boundary 2021 | B17: 153
A19: Sartin Draw 2017 | B19: 17
A21: Spring Creek 2018 | B21: 353
A23: Woodbury 2019 | B23: 188
A25: Millard 2006
A27: Highline 2017 | B27: 37
A29: Arapaho 2012
A31: Barry Point 2012
A33: Diamond Creek 2017 | B33: 140
A35: Caldwell 2020 | B35: 488
A37: East Fork 2020 | B37: 466
A39: Rafael 2021 | B39: 159
A41: Evan's Canyon 2020 | B41: 169
A43: Goose Creek 2018 | B43: 70
A45: Mosquito 2022 | B45: 2358
A47: Boxcar 0410 RN 2018 | B47: 39
A49: Horseshoe 2 2011
A51: Ranch 2018
A55: Buzzard 2014
A57: Klondike 2018 | B57: 710
A59: Four County 2021
A61: Soberanes 2016 | B61: 2451

Sheet DryGulchLF(39)
A1: Date | B1: Fire Day | C1: Cause | D1: Acres | E1: Cost | F1: growth | G1: As | H1: Ls | I1: Best | J1: ICS 209 Cost | K1: Real Cost (Adjusted for Inflation) | L1: Cost per day per acre
A2: 07-05-17 | B2: 1 | C2: Unknown | D2: 64000 | E2: 300000 | F2: =I2-0 -> 64000 | G2: =$B$2/$I$2*(F2) -> 1 | H2: =$B$2/SQRT($I$2)*(SQRT(I2)-SQRT(0)) -> 1 | I2: =D2 -> 64000 | J2: =E2 -> 300000 | K2: =J2*'Inflation Rates by Year'!$C$2 -> 339228 | L2: =K2/I2 -> 5.3004375
A3: 07-07-17 | B3: 2 | C3: Unknown | D3: 64000 | E3: 800000 | F3: =I3-I2 -> 0 | G3: =$B$2/$I$2*(F3) -> 0 | H3: =$B$2/SQRT($I$2)*(SQRT(I3)-SQRT(I2)) -> 0 | I3: =D3 -> 64000 | J3: =E3 -> 800000 | K3: =J3*'Inflation Rates by Year'!$C$2 -> 904608 | L3: =K3/I3 -> 14.1345
A4: 07-08-17 | B4: 3 | C4: Unknown | D4: 64000 | E4: 1500000 | F4: =I4-I3 -> 0 | G4: =$B$2/$I$2*(F4) -> 0 | H4: =$B$2/SQRT($I$2)*(SQRT(I4)-SQRT(I3)) -> 0 | I4: =D4 -> 64000 | J4: =E4 -> 1500000 | K4: =J4*'Inflation Rates by Year'!$C$2 -> 1696140 | L4: =K4/I4 -> 26.502188
A5: 07-09-17 | B5: 4 | C5: Unknown | D5: 64000 | E5: 1700000 | F5: =I5-I4 -> 0 | G5: =$B$2/$I$2*(F5) -> 0 | H5: =$B$2/SQRT($I$2)*(SQRT(I5)-SQRT(I4)) -> 0 | I5: =D5 -> 64000 | J5: =E5 -> 1700000 | K5: =J5*'Inflation Rates by Year'!$C$2 -> 1922292 | L5: =K5/I5 -> 30.035812
A6: 07-10-17 | B6: 5 | C6: Unknown | D6: 64000 | E6: 1750000 | F6: =I6-I5 -> 0 | G6: =$B$2/$I$2*(F6) -> 0 | H6: =$B$2/SQRT($I$2)*(SQRT(I6)-SQRT(I5)) -> 0 | I6: =D6 -> 64000 | J6: =E6 -> 1750000 | K6: =J6*'Inflation Rates by Year'!$C$2 -> 1978830 | L6: =K6/I6 -> 30.919219
A7: 07-11-17 | B7: 6 | C7: Unknown | D7: 64000 | E7: 2700000 | F7: =I7-I6 -> 0 | G7: =$B$2/$I$2*(F7) -> 0 | H7: =$B$2/SQRT($I$2)*(SQRT(I7)-SQRT(I6)) -> 0 | I7: =D7 -> 64000 | J7: =E7 -> 2700000 | K7: =J7*'Inflation Rates by Year'!$C$2 -> 3053052 | L7: =K7/I7 -> 47.703938

Sheet CubCreek2LF(38)
A1: Date | B1: Fire Day | C1: Cause | D1: Acres | E1: Cost | F1: growth | G1: As | H1: Ls | I1: Best | J1: ICS 209 Cost | K1: Real Cost (Adjusted for Inflation) | L1: Cost per day per acre
A2: 07-16-21 | B2: 1 | C2: Undetermined | D2: 2000 | E2: 300000 | F2: =I2-0 -> 2000 | G2: =$B$53/$I$53*(F2) -> 1.481777 | H2: =$B$53/SQRT($I$53)*(SQRT(I2)-SQRT(0)) -> 8.7779499 | I2: =D2 -> 2000 | J2: =E2 -> 300000 | K2: =J2*'Inflation Rates by Year'!$C$2 -> 339228 | L2: =K2/I2 -> 169.614
A3: 07-17-21 | B3: 2 | C3: Undetermined | D3: 1528 | E3: 500000 | F3: =I3-I2 -> -472 | G3: =$B$53/$I$53*(F3) -> -0.34969937 | H3: =$B$53/SQRT($I$53)*(SQRT(I3)-SQRT(I2)) -> -1.105399 | I3: =D3 -> 1528 | J3: =E3 -> 500000 | K3: =J3*'Inflation Rates by Year'!$C$2 -> 565380 | L3: =K3/I3 -> 370.01309
A4: 07-18-21 | B4: 3 | C4: Undetermined | D4: 8255 | E4: 1450000 | F4: =I4-I3 -> 6727 | G4: =$B$53/$I$53*(F4) -> 4.9839569 | H4: =$B$53/SQRT($I$53)*(SQRT(I4)-SQRT(I3)) -> 10.160951 | I4: =D4 -> 8255 | J4: =E4 -> 1450000 | K4: =J4*'Inflation Rates by Year'!$C$2 -> 1639602 | L4: =K4/I4 -> 198.61926
A5: 07-19-21 | B5: 4 | C5: Undetermined | D5: 32473 | E5: 1500000 | F5: =I5-I4 -> 24218 | G5: =$B$53/$I$53*(F5) -> 17.942838 | H5: =$B$53/SQRT($I$53)*(SQRT(I5)-SQRT(I4)) -> 17.536844 | I5: =D5 -> 32473 | J5: =E5 -> 1500000 | K5: =J5*'Inflation Rates by Year'!$C$2 -> 1696140 | L5: =K5/I5 -> 52.232316
A6: 07-20-21 | B6: 5 | C6: Undetermined | D6: 35134 | E6: 3100000 | F6: =I6-I5 -> 2661 | G6: =$B$53/$I$53*(F6) -> 1.9715043 | H6: =$B$53/SQRT($I$53)*(SQRT(I6)-SQRT(I5)) -> 1.4206801 | I6: =D6 -> 35134 | J6: =E6 -> 3100000 | K6: =J6*'Inflation Rates by Year'!$C$2 -> 3505356 | L6: =K6/I6 -> 99.771048
A7: 07-21-21 | B7: 6 | C7: Undetermined | D7: 38671 | E7: 3500000 | F7: =I7-I6 -> 3537 | G7: =$B$53/$I$53*(F7) -> 2.6205226 | H7: =$B$53/SQRT($I$53)*(SQRT(I7)-SQRT(I6)) -> 1.8075073 | I7: =D7 -> 38671 | J7: =E7 -> 3500000 | K7: =J7*'Inflation Rates by Year'!$C$2 -> 3957660 | L7: =K7/I7 -> 102.34181
A8: 07-22-21 | B8: 7 | C8: Undetermined | D8: 40877 | E8: 3800000 | F8: =I8-I7 -> 2206 | G8: =$B$53/$I$53*(F8) -> 1.6344 | H8: =$B$53/SQRT($I$53)*(SQRT(I8)-SQRT(I7)) -> 1.0856647 | I8: =D8 -> 40877 | J8: =E8 -> 3800000 | K8: =J8*'Inflation Rates by Year'!$C$2 -> 4296888 | L8: =K8/I8 -> 105.1175
A9: 07-23-21 | B9: 8 | C9: Undetermined | D9: 42785 | E9: 5000000 | F9: =I9-I8 -> 1908 | G9: =$B$53/$I$53*(F9) -> 1.4136153 | H9: =$B$53/SQRT($I$53)*(SQRT(I9)-SQRT(I8)) -> 0.91559959 | I9: =D9 -> 42785 | J9: =E9 -> 5000000 | K9: =J9*'Inflation Rates by Year'!$C$2 -> 5653800 | L9: =K9/I9 -> 132.14444
A10: 07-24-21 | B10: 9 | C10: Undetermined | D10: 43739 | E10: 6200000 | F10: =I10-I9 -> 954 | G10: =$B$53/$I$53*(F10) -> 0.70680763 | H10: =$B$53/SQRT($I$53)*(SQRT(I10)-SQRT(I9)) -> 0.45014225 | I10: =D10 -> 43739 | J10: =E10 -> 6200000 | K10: =J10*'Inflation Rates by Year'!$C$2 -> 7010712 | L10: =K10/I10 -> 160.28515
A11: 07-25-21 | B11: 10 | C11: Undetermined | D11: 44100 | E11: 7600000 | F11: =I11-I10 -> 361 | G11: =$B$53/$I$53*(F11) -> 0.26746075 | H11: =$B$53/SQRT($I$53)*(SQRT(I11)-SQRT(I10)) -> 0.16905481 | I11: =D11 -> 44100 | J11: =E11 -> 7600000 | K11: =J11*'Inflation Rates by Year'!$C$2 -> 8593776 | L11: =K11/I11 -> 194.8702
A12: 07-26-21 | B12: 11 | C12: Undetermined | D12: 51153 | E12: 8400000 | F12: =I12-I11 -> 7053 | G12: =$B$53/$I$53*(F12) -> 5.2254866 | H12: =$B$53/SQRT($I$53)*(SQRT(I12)-SQRT(I11)) -> 3.1739195 | I12: =D12 -> 51153 | J12: =E12 -> 8400000 | K12: =J12*'Inflation Rates by Year'!$C$2 -> 9498384 | L12: =K12/I12 -> 185.68577
A13: 07-27-21 | B13: 12 | C13: Undetermined | D13: 52832 | E13: 9100000 | F13: =I13-I12 -> 1679 | G13: =$B$53/$I$53*(F13) -> 1.2439518 | H13: =$B$53/SQRT($I$53)*(SQRT(I13)-SQRT(I12)) -> 0.72267429 | I13: =D13 -> 52832 | J13: =E13 -> 9100000 | K13: =J13*'Inflation Rates by Year'!$C$2 -> 10289916 | L13: =K13/I13 -> 194.76673
A14: 07-28-21 | B14: 13 | C14: Undetermined | D14: 53277 | E14: 10200000 | F14: =I14-I13 -> 445 | G14: =$B$53/$I$53*(F14) -> 0.32969538 | H14: =$B$53/SQRT($I$53)*(SQRT(I14)-SQRT(I13)) -> 0.1896042 | I14: =D14 -> 53277 | J14: =E14 -> 10200000 | K14: =J14*'Inflation Rates by Year'!$C$2 -> 11533752 | L14: =K14/I14 -> 216.48651
... A73: 09-26-21 | B73: 72 | C73: Undetermined | D73: 70168 | E73: 27788529 | F73: =I73-I72 -> 0 | G73: =$B$53/$I$53*(F73) -> 0 | H73: =$B$53/SQRT($I$53)*(SQRT(I73)-SQRT(I72)) -> 0 | I73: =D73 -> 70168 | J73: =E73 -> 27788529 | K73: =J73*'Inflation Rates by Year'!$C$2 -> 31422157 | L73: =K73/I73 -> 447.81321

Sheet BackboneLF(37)
A1: Date | B1: Fire Day | C1: Cause | D1: Acres | E1: Cost | F1: growth | G1: As | H1: Ls | I1: Best | J1: ICS 209 Cost | K1: Real Cost (Adjusted for Inflation) | L1: Cost per day per acre
A2: 06-17-21 | B2: 1 | C2: Lightning/Natural | D2: 7000 | E2: 500000 | F2: =I2-0 -> 7000 | G2: =$B$9/$I$9*(F2) -> 1.3711711 | H2: =$B$9/SQRT($I$9)*(SQRT(I3)-SQRT(I2)) -> 1.8684735 | I2: =D2 -> 7000 | J2: =E2 -> 500000 | K2: =J2*'Inflation Rates by Year'!$C$2 -> 565380 | L2: =K2/I2 -> 80.768571
A3: 06-18-21 | B3: 2 | C3: Lightning/Natural | D3: 17126 | E3: 750000 | F3: =I3-I2 -> 10126 | G3: =$B$9/$I$9*(F3) -> 1.983497 | H3: =$B$9/SQRT($I$9)*(SQRT(I3)-SQRT(I2)) -> 1.8684735 | I3: =D3 -> 17126 | J3: =E3 -> 750000 | K3: =J3*'Inflation Rates by Year'!$C$2 -> 848070 | L3: =K3/I3 -> 49.519444
A4: 06-19-21 | B4: 3 | C4: Lightning/Natural | D4: 24192 | E4: 1781330 | F4: =I4-I3 -> 7066 | G4: =$B$9/$I$9*(F4) -> 1.3840993 | H4: =$B$9/SQRT($I$9)*(SQRT(I4)-SQRT(I3)) -> 0.97664375 | I4: =D4 -> 24192 | J4: =E4 -> 1781330 | K4: =J4*'Inflation Rates by Year'!$C$2 -> 2014256.7 | L4: =K4/I4 -> 83.261273
A5: 06-20-21 | B5: 4 | C5: Lightning/Natural | D5: 34180 | E5: 2559522 | F5: =I5-I4 -> 9988 | G5: =$B$9/$I$9*(F5) -> 1.9564653 | H5: =$B$9/SQRT($I$9)*(SQRT(I5)-SQRT(I4)) -> 1.161476 | I5: =D5 -> 34180 | J5: =E5 -> 2559522 | K5: =J5*'Inflation Rates by Year'!$C$2 -> 2894205.1 | L5: =K5/I5 -> 84.675398
A6: 06-21-21 | B6: 5 | C6: Lightning/Natural | D6: 38321 | E6: 4594239 | F6: =I6-I5 -> 4141 | G6: =$B$9/$I$9*(F6) -> 0.81114566 | H6: =$B$9/SQRT($I$9)*(SQRT(I6)-SQRT(I5)) -> 0.43066279 | I6: =D6 -> 38321 | J6: =E6 -> 4594239 | K6: =J6*'Inflation Rates by Year'!$C$2 -> 5194981.7 | L6: =K6/I6 -> 135.56488
A7: 06-22-21 | B7: 6 | C7: Lightning/Natural | D7: 38321 | E7: 6428143 | F7: =I7-I6 -> 0 | G7: =$B$9/$I$9*(F7) -> 0 | H7: =$B$9/SQRT($I$9)*(SQRT(I7)-SQRT(I6)) -> 0 | I7: =D7 -> 38321 | J7: =E7 -> 6428143 | K7: =J7*'Inflation Rates by Year'!$C$2 -> 7268687 | L7: =K7/I7 -> 189.67895
A8: 06-23-21 | B8: 7 | C8: Lightning/Natural | D8: 40619 | E8: 7665718 | F8: =I8-I7 -> 2298 | G8: =$B$9/$I$9*(F8) -> 0.45013589 | H8: =$B$9/SQRT($I$9)*(SQRT(I8)-SQRT(I7)) -> 0.22896773 | I8: =D8 -> 40619 | J8: =E8 -> 7665718 | K8: =J8*'Inflation Rates by Year'!$C$2 -> 8668087.3 | L8: =K8/I8 -> 213.39982
A9: 06-24-21 | B9: 8 | C9: Lightning/Natural | D9: 40841 | E9: 8971401 | F9: =I9-I8 -> 222 | G9: =$B$9/$I$9*(F9) -> 0.043485713 | H9: =$B$9/SQRT($I$9)*(SQRT(I9)-SQRT(I8)) -> 0.021772484 | I9: =D9 -> 40841 | J9: =E9 -> 8971401 | K9: =J9*'Inflation Rates by Year'!$C$2 -> 10144501 | L9: =K9/I9 -> 248.39013
A10: 06-25-21 | B10: 9 | C10: Lightning/Natural | D10: 40855 | E10: 9969724 | F10: =I10-I9 -> 14 | G10: =$B$9/$I$9*(F10) -> 0.0027423423 | H10: =$B$9/SQRT($I$9)*(SQRT(I10)-SQRT(I9)) -> 0.0013710536 | I10: =D10 -> 40855 | J10: =E10 -> 9969724 | K10: =J10*'Inflation Rates by Year'!$C$2 -> 11273365 | L10: =K10/I10 -> 275.936
A11: 06-26-21 | B11: 10 | C11: Lightning/Natural | D11: 40855 | E11: 10997635 | F11: =I11-I10 -> 0 | G11: =$B$9/$I$9*(F11) -> 0 | H11: =$B$9/SQRT($I$9)*(SQRT(I11)-SQRT(I10)) -> 0 | I11: =D11 -> 40855 | J11: =E11 -> 10997635 | K11: =J11*'Inflation Rates by Year'!$C$2 -> 12435686 | L11: =K11/I11 -> 304.3859
A12: 06-27-21 | B12: 11 | C12: Lightning/Natural | D12: 40855 | E12: 11936360 | F12: =I12-I11 -> 0 | G12: =$B$9/$I$9*(F12) -> 0 | H12: =$B$9/SQRT($I$9)*(SQRT(I12)-SQRT(I11)) -> 0 | I12: =D12 -> 40855 | J12: =E12 -> 11936360 | K12: =J12*'Inflation Rates by Year'!$C$2 -> 13497158 | L12: =K12/I12 -> 330.36736
A13: 06-28-21 | B13: 12 | C13: Lightning/Natural | D13: 40855 | E13: 12797821 | F13: =I13-I12 -> 0 | G13: =$B$9/$I$9*(F13) -> 0 | H13: =$B$9/SQRT($I$9)*(SQRT(I13)-SQRT(I12)) -> 0 | I13: =D13 -> 40855 | J13: =E13 -> 12797821 | K13: =J13*'Inflation Rates by Year'!$C$2 -> 14471264 | L13: =K13/I13 -> 354.21036
A14: 06-29-21 | B14: 13 | C14: Lightning/Natural | D14: 40855 | E14: 13071028 | F14: =I14-I13 -> 0 | G14: =$B$9/$I$9*(F14) -> 0 | H14: =$B$9/SQRT($I$9)*(SQRT(I14)-SQRT(I13)) -> 0 | I14: =D14 -> 40855 | J14: =E14 -> 13071028 | K14: =J14*'Inflation Rates by Year'!$C$2 -> 14780196 | L14: =K14/I14 -> 361.77201
... A16: 07-14-21 | B16: 15 | C16: Lightning/Natural | D16: 40855 | E16: 13200000 | F16: =I16-I15 -> 0 | G16: =$B$9/$I$9*(F16) -> 0 | H16: =$B$9/SQRT($I$9)*(SQRT(I16)-SQRT(I15)) -> 0 | I16: =D16 -> 40855 | J16: =E16 -> 13200000 | K16: =J16*'Inflation Rates by Year'!$C$2 -> 14926032 | L16: =K16/I16 -> 365.34162

Sheet CooksPeakLF(36)
A1: Date | B1: Fire Day | C1: Cause | D1: Acres | E1: Cost | F1: growth | G1: As | H1: Ls | I1: Best | J1: ICS 209 Cost | K1: Real Cost (Adjusted for Inflation) | L1: Cost per day per acre
A2: 04-17-22 | B2: 1 | C2: Undetermined | D2: 2209 | E2: 125000 | F2: =I2-0 -> 2209 | G2: =$B$17/$I$17*(F2) -> 0.59542782 | H2: =$B$17/SQRT($I$17)*(SQRT(I2)-SQRT(0)) -> 3.0865588 | I2: =D2 -> 2209 | J2: =E2 -> 125000 | K2: =J2*'Inflation Rates by Year'!$C$2 -> 141345 | L2: =K2/I2 -> 63.985967
A3: 04-18-22 | B3: 2 | C3: Undetermined | D3: 3500 | E3: 147187 | F3: =I3-I2 -> 1291 | G3: =$B$17/$I$17*(F3) -> 0.3479843 | H3: =$B$17/SQRT($I$17)*(SQRT(I3)-SQRT(I2)) -> 0.79861739 | I3: =D3 -> 3500 | J3: =E3 -> 147187 | K3: =J3*'Inflation Rates by Year'!$C$2 -> 166433.17 | L3: =K3/I3 -> 47.552335
A4: 04-19-22 | B4: 3 | C4: Undetermined | D4: 21000 | E4: 461000 | F4: =I4-I3 -> 17500 | G4: =$B$17/$I$17*(F4) -> 4.7170606 | H4: =$B$17/SQRT($I$17)*(SQRT(I4)-SQRT(I3)) -> 5.631523 | I4: =D4 -> 21000 | J4: =E4 -> 461000 | K4: =J4*'Inflation Rates by Year'!$C$2 -> 521280.36 | L4: =K4/I4 -> 24.822874
A5: 04-20-22 | B5: 4 | C5: Undetermined | D5: 23000 | E5: 1200000 | F5: =I5-I4 -> 2000 | G5: =$B$17/$I$17*(F5) -> 0.53909264 | H5: =$B$17/SQRT($I$17)*(SQRT(I5)-SQRT(I4)) -> 0.44287137 | I5: =D5 -> 23000 | J5: =E5 -> 1200000 | K5: =J5*'Inflation Rates by Year'!$C$2 -> 1356912 | L5: =K5/I5 -> 58.996174
A6: 04-21-22 | B6: 5 | C6: Undetermined | D6: 28217 | E6: 2000000 | F6: =I6-I5 -> 5217 | G6: =$B$17/$I$17*(F6) -> 1.4062232 | H6: =$B$17/SQRT($I$17)*(SQRT(I6)-SQRT(I5)) -> 1.0718671 | I6: =D6 -> 28217 | J6: =E6 -> 2000000 | K6: =J6*'Inflation Rates by Year'!$C$2 -> 2261520 | L6: =K6/I6 -> 80.147429
A7: 04-22-22 | B7: 6 | C7: Undetermined | D7: 48672 | E7: 1800000 | F7: =I7-I6 -> 20455 | G7: =$B$17/$I$17*(F7) -> 5.51357 | H7: =$B$17/SQRT($I$17)*(SQRT(I7)-SQRT(I6)) -> 3.4568244 | I7: =D7 -> 48672 | J7: =E7 -> 1800000 | K7: =J7*'Inflation Rates by Year'!$C$2 -> 2035368 | L7: =K7/I7 -> 41.818047
A8: 04-23-22 | B8: 7 | C8: Undetermined | D8: 51982 | E8: 3200000 | F8: =I8-I7 -> 3310 | G8: =$B$17/$I$17*(F8) -> 0.89219832 | H8: =$B$17/SQRT($I$17)*(SQRT(I8)-SQRT(I7)) -> 0.48454365 | I8: =D8 -> 51982 | J8: =E8 -> 3200000 | K8: =J8*'Inflation Rates by Year'!$C$2 -> 3618432 | L8: =K8/I8 -> 69.609326
A9: 04-24-22 | B9: 8 | C9: Undetermined | D9: 54021 | E9: 4100000 | F9: =I9-I8 -> 2039 | G9: =$B$17/$I$17*(F9) -> 0.54960495 | H9: =$B$17/SQRT($I$17)*(SQRT(I9)-SQRT(I8)) -> 0.29083049 | I9: =D9 -> 54021 | J9: =E9 -> 4100000 | K9: =J9*'Inflation Rates by Year'!$C$2 -> 4636116 | L9: =K9/I9 -> 85.820625
A10: 04-25-22 | B10: 9 | C10: Undetermined | D10: 55172 | E10: 4900000 | F10: =I10-I9 -> 1151 | G10: =$B$17/$I$17*(F10) -> 0.31024781 | H10: =$B$17/SQRT($I$17)*(SQRT(I10)-SQRT(I9)) -> 0.16175051 | I10: =D10 -> 55172 | J10: =E10 -> 4900000 | K10: =J10*'Inflation Rates by Year'!$C$2 -> 5540724 | L10: =K10/I10 -> 100.42638
A11: 04-26-22 | B11: 10 | C11: Undetermined | D11: 55199 | E11: 5600000 | F11: =I11-I10 -> 27 | G11: =$B$17/$I$17*(F11) -> 0.0072777506 | H11: =$B$17/SQRT($I$17)*(SQRT(I11)-SQRT(I10)) -> 0.0037739659 | I11: =D11 -> 55199 | J11: =E11 -> 5600000 | K11: =J11*'Inflation Rates by Year'!$C$2 -> 6332256 | L11: =K11/I11 -> 114.71686
A12: 04-27-22 | B12: 11 | C12: Undetermined | D12: 55931 | E12: 6400000 | F12: =I12-I11 -> 732 | G12: =$B$17/$I$17*(F12) -> 0.19730791 | H12: =$B$17/SQRT($I$17)*(SQRT(I12)-SQRT(I11)) -> 0.10196696 | I12: =D12 -> 55931 | J12: =E12 -> 6400000 | K12: =J12*'Inflation Rates by Year'!$C$2 -> 7236864 | L12: =K12/I12 -> 129.38914
A13: 04-28-22 | B13: 12 | C13: Undetermined | D13: 55978 | E13: 7200000 | F13: =I13-I12 -> 47 | G13: =$B$17/$I$17*(F13) -> 0.012668677 | H13: =$B$17/SQRT($I$17)*(SQRT(I13)-SQRT(I12)) -> 0.0065241969 | I13: =D13 -> 55978 | J13: =E13 -> 7200000 | K13: =J13*'Inflation Rates by Year'!$C$2 -> 8141472 | L13: =K13/I13 -> 145.44057
A14: 04-29-22 | B14: 13 | C14: Undetermined | D14: 59063 | E14: 7900000 | F14: =I14-I13 -> 3085 | G14: =$B$17/$I$17*(F14) -> 0.8315504 | H14: =$B$17/SQRT($I$17)*(SQRT(I14)-SQRT(I13)) -> 0.42240553 | I14: =D14 -> 59063 | J14: =E14 -> 7900000 | K14: =J14*'Inflation Rates by Year'!$C$2 -> 8933004 | L14: =K14/I14 -> 151.24535
... A17: 05-02-22 | B17: 16 | C17: Undetermined | D17: 59359 | E17: 9700000 | F17: =I17-I16 -> 283 | G17: =$B$17/$I$17*(F17) -> 0.076281609 | H17: =$B$17/SQRT($I$17)*(SQRT(I17)-SQRT(I16)) -> 0.038186373 | I17: =D17 -> 59359 | J17: =E17 -> 9700000 | K17: =J17*'Inflation Rates by Year'!$C$2 -> 10968372 | L17: =K17/I17 -> 184.78027
A18: 05-03-22 | B18: 17 | C18: Undetermined | D18: 59359 | E18: 10100000 | F18: =I18-I17 -> 0 | G18: =$B$17/$I$17*(F18) -> 0 | H18: =$B$9/SQRT($I$9)*(SQRT(I18)-SQRT(I17)) -> 0 | I18: =D18 -> 59359 | J18: =E18 -> 10100000 | K18: =J18*'Inflation Rates by Year'!$C$2 -> 11420676 | L18: =K18/I18 -> 192.40007
A19: 05-04-22 | B19: 18 | C19: Undetermined | D19: 59359 | E19: 10600000 | F19: =I19-I18 -> 0 | G19: =$B$17/$I$17*(F19) -> 0 | H19: =$B$9/SQRT($I$9)*(SQRT(I19)-SQRT(I18)) -> 0 | I19: =D19 -> 59359 | J19: =E19 -> 10600000 | K19: =J19*'Inflation Rates by Year'!$C$2 -> 11986056 | L19: =K19/I19 -> 201.92483
A20: 05-13-22 | B20: 19 | C20: Undetermined | D20: 59359 | E20: 12500000 | F20: =I20-I19 -> 0 | G20: =$B$17/$I$17*(F20) -> 0 | H20: =$B$9/SQRT($I$9)*(SQRT(I20)-SQRT(I19)) -> 0 | I20: =D20 -> 59359 | J20: =E20 -> 12500000 | K20: =J20*'Inflation Rates by Year'!$C$2 -> 14134500 | L20: =K20/I20 -> 238.1189
A21: 05-31-22 | B21: 20 | C21: Undetermined | D21: 59359 | E21: 12500000 | F21: =I21-I20 -> 0 | G21: =$B$17/$I$17*(F21) -> 0 | H21: =$B$9/SQRT($I$9)*(SQRT(I21)-SQRT(I20)) -> 0 | I21: =D21 -> 59359 | J21: =E21 -> 12500000 | K21: =J21*'Inflation Rates by Year'!$C$2 -> 14134500 | L21: =K21/I21 -> 238.1189

Sheet HirzLF(34)
A1: Date | B1: Fire Day | C1: Cause | D1: Acres | E1: Cost | F1: growth | G1: As | H1: Ls | I1: Best | J1: ICS 209 Cost | K1: Real Cost (Adjusted for Inflation) | L1: Cost per day per acre
A2: 08-09-18 | B2: 1 | C2: Human | D2: 350 | E2: 75000 | F2: =I2-0 -> 350 | G2: =$B$29/$I$29*(F2) -> 0.21235103 | H2: =$B$29/SQRT($I$29)*(SQRT(I2)-SQRT(0)) -> 2.438407 | I2: =D2 -> 350 | J2: =E2 -> 75000 | K2: =J2*'Inflation Rates by Year'!$F$2 -> 89466.397 | L2: =K2/I2 -> 255.61828
A3: 08-10-18 | B3: 2 | C3: Human | D3: 280 | E3: 120000 | F3: =I3-I2 -> -70 | G3: =$B$29/$I$29*(F3) -> -0.042470206 | H3: =$B$29/SQRT($I$29)*(SQRT(I3)-SQRT(I2)) -> -0.25742948 | I3: =D3 -> 280 | J3: =E3 -> 120000 | K3: =J3*'Inflation Rates by Year'!$F$2 -> 143146.24 | L3: =K3/I3 -> 511.23655
A4: 08-11-18 | B4: 3 | C4: Human | D4: 2030 | E4: 300000 | F4: =I4-I3 -> 1750 | G4: =$B$29/$I$29*(F4) -> 1.0617551 | H4: =$B$29/SQRT($I$29)*(SQRT(I4)-SQRT(I3)) -> 3.6914842 | I4: =D4 -> 2030 | J4: =E4 -> 300000 | K4: =J4*'Inflation Rates by Year'!$F$2 -> 357865.59 | L4: =K4/I4 -> 176.28847
A5: 08-12-18 | B5: 4 | C5: Human | D5: 3825 | E5: 1000000 | F5: =I5-I4 -> 1795 | G5: =$B$29/$I$29*(F5) -> 1.0890574 | H5: =$B$29/SQRT($I$29)*(SQRT(I5)-SQRT(I4)) -> 2.1885193 | I5: =D5 -> 3825 | J5: =E5 -> 1000000 | K5: =J5*'Inflation Rates by Year'!$F$2 -> 1192885.3 | L5: =K5/I5 -> 311.86544
A6: 08-14-18 | B6: 5 | C6: Human | D6: 5689 | E6: 2200000 | F6: =I6-I5 -> 1864 | G6: =$B$29/$I$29*(F6) -> 1.1309209 | H6: =$B$29/SQRT($I$29)*(SQRT(I6)-SQRT(I5)) -> 1.7698481 | I6: =D6 -> 5689 | J6: =E6 -> 2200000 | K6: =J6*'Inflation Rates by Year'!$F$2 -> 2624347.6 | L6: =K6/I6 -> 461.3021
A7: 08-14-18 | B7: 6 | C7: Human | D7: 5693 | E7: 3000000 | F7: =I7-I6 -> 4 | G7: =$B$29/$I$29*(F7) -> 0.0024268689 | H7: =$B$29/SQRT($I$29)*(SQRT(I7)-SQRT(I6)) -> 0.0034554761 | I7: =D7 -> 5693 | J7: =E7 -> 3000000 | K7: =J7*'Inflation Rates by Year'!$F$2 -> 3578655.9 | L7: =K7/I7 -> 628.60634
A8: 08-15-18 | B8: 7 | C8: Human | D8: 7650 | E8: 3500000 | F8: =I8-I7 -> 1957 | G8: =$B$29/$I$29*(F8) -> 1.1873456 | H8: =$B$29/SQRT($I$29)*(SQRT(I8)-SQRT(I7)) -> 1.5656641 | I8: =D8 -> 7650 | J8: =E8 -> 3500000 | K8: =J8*'Inflation Rates by Year'!$F$2 -> 4175098.5 | L8: =K8/I8 -> 545.76451
A9: 08-17-18 | B9: 8 | C9: Human | D9: 11035 | E9: 4250000 | F9: =I9-I8 -> 3385 | G9: =$B$29/$I$29*(F9) -> 2.0537378 | H9: =$B$29/SQRT($I$29)*(SQRT(I9)-SQRT(I8)) -> 2.291782 | I9: =D9 -> 11035 | J9: =E9 -> 4250000 | K9: =J9*'Inflation Rates by Year'!$F$2 -> 5069762.5 | L9: =K9/I9 -> 459.42569
A10: 08-18-18 | B10: 9 | C10: Human | D10: 12550 | E10: 5400000 | F10: =I10-I9 -> 1515 | G10: =$B$29/$I$29*(F10) -> 0.9191766 | H10: =$B$29/SQRT($I$29)*(SQRT(I10)-SQRT(I9)) -> 0.90965397 | I10: =D10 -> 12550 | J10: =E10 -> 5400000 | K10: =J10*'Inflation Rates by Year'!$F$2 -> 6441580.6 | L10: =K10/I10 -> 513.27335
A11: 08-18-18 | B11: 10 | C11: Human | D11: 13059 | E11: 7500000 | F11: =I11-I10 -> 509 | G11: =$B$29/$I$29*(F11) -> 0.30881907 | H11: =$B$29/SQRT($I$29)*(SQRT(I11)-SQRT(I10)) -> 0.29315689 | I11: =D11 -> 13059 | J11: =E11 -> 7500000 | K11: =J11*'Inflation Rates by Year'!$F$2 -> 8946639.7 | L11: =K11/I11 -> 685.09378
A12: 08-19-18 | B12: 11 | C12: Human | D12: 14214 | E12: 8200000 | F12: =I12-I11 -> 1155 | G12: =$B$29/$I$29*(F12) -> 0.7007584 | H12: =$B$29/SQRT($I$29)*(SQRT(I12)-SQRT(I11)) -> 0.64471851 | I12: =D12 -> 14214 | J12: =E12 -> 8200000 | K12: =J12*'Inflation Rates by Year'!$F$2 -> 9781659.4 | L12: =K12/I12 -> 688.17078
A13: 08-20-18 | B13: 12 | C13: Human | D13: 15210 | E13: 9600000 | F13: =I13-I12 -> 996 | G13: =$B$29/$I$29*(F13) -> 0.60429036 | H13: =$B$29/SQRT($I$29)*(SQRT(I13)-SQRT(I12)) -> 0.53521453 | I13: =D13 -> 15210 | J13: =E13 -> 9600000 | K13: =J13*'Inflation Rates by Year'!$F$2 -> 11451699 | L13: =K13/I13 -> 752.9059
A14: 08-22-18 | B14: 13 | C14: Human | D14: 18814 | E14: 11300000 | F14: =I14-I13 -> 3604 | G14: =$B$29/$I$29*(F14) -> 2.1866089 | H14: =$B$29/SQRT($I$29)*(SQRT(I14)-SQRT(I13)) -> 1.8032709 | I14: =D14 -> 18814 | J14: =E14 -> 11300000 | K14: =J14*'Inflation Rates by Year'!$F$2 -> 13479604 | L14: =K14/I14 -> 716.46666
... A37: 09-14-18 | B37: 36 | C37: Human | D37: 46150 | E37: 55511216 | F37: =I37-I36 -> 0 | G37: =$B$29/$I$29*(F37) -> 0 | H37: =$B$29/SQRT($I$29)*(SQRT(I37)-SQRT(I36)) -> 0 | I37: =D37 -> 46150 | J37: =E37 -> 55511216 | K37: =J37*'Inflation Rates by Year'!$F$2 -> 66218513 | L37: =K37/I37 -> 1434.854

Sheet PierLF(33)
A1: Date | B1: Fire Day | C1: Cause | D1: Acres | E1: Cost | F1: growth | G1: As | H1: Ls | I1: Best | J1: ICS 209 Cost | K1: Real Cost (Adjusted for Inflation) | L1: Cost per day per acre
A2: 08-29-17 | B2: 1 | C2: Unknown | D2: 350 | E2: 1000000 | F2: =I2-0 -> 350 | G2: =$B$21/$I$21*(F2) -> 0.19148703 | H2: =$B$21/SQRT($I$21)*(SQRT(I2)-SQRT(0)) -> 1.9569723 | I2: =D2 -> 350 | J2: =E2 -> 1000000 | K2: =J2*'Inflation Rates by Year'!$G$2 -> 1217935.9 | L2: =K2/I2 -> 3479.8168
A3: 08-30-17 | B3: 2 | C3: Unknown | D3: 5289 | E3: 1300000 | F3: =I3-I2 -> 4939 | G3: =$B$21/$I$21*(F3) -> 2.7021556 | H3: =$B$21/SQRT($I$21)*(SQRT(I3)-SQRT(I2)) -> 5.6504486 | I3: =D3 -> 5289 | J3: =E3 -> 1300000 | K3: =J3*'Inflation Rates by Year'!$G$2 -> 1583316.6 | L3: =K3/I3 -> 299.3603
A4: 08-31-17 | B4: 3 | C4: Unknown | D4: 6794 | E4: 3500000 | F4: =I4-I3 -> 1505 | G4: =$B$21/$I$21*(F4) -> 0.82339424 | H4: =$B$21/SQRT($I$21)*(SQRT(I4)-SQRT(I3)) -> 1.0146866 | I4: =D4 -> 6794 | J4: =E4 -> 3500000 | K4: =J4*'Inflation Rates by Year'!$G$2 -> 4262775.6 | L4: =K4/I4 -> 627.43238
A5: 09-01-17 | B5: 4 | C5: Unknown | D5: 10311 | E5: 5300000 | F5: =I5-I4 -> 3517 | G5: =$B$21/$I$21*(F5) -> 1.9241711 | H5: =$B$21/SQRT($I$21)*(SQRT(I5)-SQRT(I4)) -> 1.9997643 | I5: =D5 -> 10311 | J5: =E5 -> 5300000 | K5: =J5*'Inflation Rates by Year'!$G$2 -> 6455060.2 | L5: =K5/I5 -> 626.03629
A6: 09-02-17 | B6: 5 | C6: Human | D6: 13240 | E6: 7900000 | F6: =I6-I5 -> 2929 | G6: =$B$21/$I$21*(F6) -> 1.6024729 | H6: =$B$21/SQRT($I$21)*(SQRT(I6)-SQRT(I5)) -> 1.4144739 | I6: =D6 -> 13240 | J6: =E6 -> 7900000 | K6: =J6*'Inflation Rates by Year'!$G$2 -> 9621693.5 | L6: =K6/I6 -> 726.71401
A7: 09-03-17 | B7: 6 | C7: Human | D7: 17418 | E7: 10000000 | F7: =I7-I6 -> 4178 | G7: =$B$21/$I$21*(F7) -> 2.2858081 | H7: =$B$21/SQRT($I$21)*(SQRT(I7)-SQRT(I6)) -> 1.76908 | I7: =D7 -> 17418 | J7: =E7 -> 10000000 | K7: =J7*'Inflation Rates by Year'!$G$2 -> 12179359 | L7: =K7/I7 -> 699.2398
A8: 09-04-17 | B8: 7 | C8: Human | D8: 20529 | E8: 12600000 | F8: =I8-I7 -> 3111 | G8: =$B$21/$I$21*(F8) -> 1.7020462 | H8: =$B$21/SQRT($I$21)*(SQRT(I8)-SQRT(I7)) -> 1.1822593 | I8: =D8 -> 20529 | J8: =E8 -> 12600000 | K8: =J8*'Inflation Rates by Year'!$G$2 -> 15345992 | L8: =K8/I8 -> 747.5275
A9: 09-05-17 | B9: 8 | C9: Human | D9: 20529 | E9: 14400000 | F9: =I9-I8 -> 0 | G9: =$B$21/$I$21*(F9) -> 0 | H9: =$B$21/SQRT($I$21)*(SQRT(I9)-SQRT(I8)) -> 0 | I9: =D9 -> 20529 | J9: =E9 -> 14400000 | K9: =J9*'Inflation Rates by Year'!$G$2 -> 17538277 | L9: =K9/I9 -> 854.31715
A10: 09-06-17 | B10: 9 | C10: Human | D10: 20864 | E10: 16300000 | F10: =I10-I9 -> 335 | G10: =$B$21/$I$21*(F10) -> 0.18328045 | H10: =$B$21/SQRT($I$21)*(SQRT(I10)-SQRT(I9)) -> 0.12179251 | I10: =D10 -> 20864 | J10: =E10 -> 16300000 | K10: =J10*'Inflation Rates by Year'!$G$2 -> 19852355 | L10: =K10/I10 -> 951.51241
A11: 09-07-17 | B11: 10 | C11: Human | D11: 24949 | E11: 18500000 | F11: =I11-I10 -> 4085 | G11: =$B$21/$I$21*(F11) -> 2.2349272 | H11: =$B$21/SQRT($I$21)*(SQRT(I11)-SQRT(I10)) -> 1.4130784 | I11: =D11 -> 24949 | J11: =E11 -> 18500000 | K11: =J11*'Inflation Rates by Year'!$G$2 -> 22531814 | L11: =K11/I11 -> 903.11491
A12: 09-08-17 | B12: 11 | C12: Human | D12: 24949 | E12: 20600000 | F12: =I12-I11 -> 0 | G12: =$B$21/$I$21*(F12) -> 0 | H12: =$B$21/SQRT($I$21)*(SQRT(I12)-SQRT(I11)) -> 0 | I12: =D12 -> 24949 | J12: =E12 -> 20600000 | K12: =J12*'Inflation Rates by Year'!$G$2 -> 25089479 | L12: =K12/I12 -> 1005.6307
A13: 09-09-17 | B13: 12 | C13: Human | D13: 26748 | E13: 22800000 | F13: =I13-I12 -> 1799 | G13: =$B$21/$I$21*(F13) -> 0.98424335 | H13: =$B$21/SQRT($I$21)*(SQRT(I13)-SQRT(I12)) -> 0.58532884 | I13: =D13 -> 26748 | J13: =E13 -> 22800000 | K13: =J13*'Inflation Rates by Year'!$G$2 -> 27768938 | L13: =K13/I13 -> 1038.1688
A14: 09-10-17 | B14: 13 | C14: Human | D14: 27586 | E14: 24800000 | F14: =I14-I13 -> 838 | G14: =$B$21/$I$21*(F14) -> 0.45847467 | H14: =$B$21/SQRT($I$21)*(SQRT(I14)-SQRT(I13)) -> 0.26592352 | I14: =D14 -> 27586 | J14: =E14 -> 24800000 | K14: =J14*'Inflation Rates by Year'!$G$2 -> 30204810 | L14: =K14/I14 -> 1094.9326
... A27: 09-23-17 | B27: 26 | C27: Human | D27: 36556 | E27: 38700000 | F27: =I27-I26 -> 0 | G27: =$B$21/$I$21*(F27) -> 0 | H27: =$B$21/SQRT($I$21)*(SQRT(I27)-SQRT(I26)) -> 0 | I27: =D27 -> 36556 | J27: =E27 -> 38700000 | K27: =J27*'Inflation Rates by Year'!$G$2 -> 47134119 | L27: =K27/I27 -> 1289.3675

Sheet IslandLF(31)
A1: Date | B1: Fire Day | C1: Cause | D1: Acres | E1: Cost | F1: growth | G1: As | H1: Ls | I1: Best | J1: ICS 209 Cost | K1: Real Cost (Adjusted for Inflation) | L1: Cost per day per acre
A2: 06-30-17 | B2: 1 | C2: Lightning/Natural | D2: 65 | E2: 3800 | F2: =I2-0 -> 65 | G2: =$B$6/$I$6*(F2) -> #DIV/0! | H2: =$B$6/SQRT($I$6)*(SQRT(I2)-SQRT(0)) -> #DIV/0! | I2: =D2 -> 65 | J2: =E2 -> 3800 | K2: =J2*'Inflation Rates by Year'!F$2 -> 4532.9641 | L2: =K2/I2 -> 69.737909
A3: 07-01-17 | B3: 2 | C3: Unknown | D3: 78 | E3: 58500 | F3: =I3-I2 -> 13 | G3: =$B$6/$I$6*(F3) -> #DIV/0! | H3: =$B$6/SQRT($I$6)*(SQRT(I3)-SQRT(I2)) -> #DIV/0! | I3: =D3 -> 78 | J3: =E3 -> 58500 | K3: =J3*'Inflation Rates by Year'!F$2 -> 69783.79 | L3: =K3/I3 -> 894.66397
A4: 07-02-17 | B4: 3 | C4: Lightning/Natural | D4: 98 | E4: 90000 | F4: =I4-I3 -> 20 | G4: =$B$6/$I$6*(F4) -> #DIV/0! | H4: =$B$6/SQRT($I$6)*(SQRT(I4)-SQRT(I3)) -> #DIV/0! | I4: =D4 -> 98 | J4: =E4 -> 90000 | K4: =J4*'Inflation Rates by Year'!F$2 -> 107359.68 | L4: =K4/I4 -> 1095.5069
A5: 07-03-17 | B5: 4 | C5: Lightning/Natural | D5: 130 | E5: 145000 | F5: =I5-I4 -> 32 | G5: =$B$6/$I$6*(F5) -> #DIV/0! | H5: =$B$6/SQRT($I$6)*(SQRT(I5)-SQRT(I4)) -> #DIV/0! | I5: =D5 -> 130 | J5: =E5 -> 145000 | K5: =J5*'Inflation Rates by Year'!F$2 -> 172968.37 | L5: =K5/I5 -> 1330.5259
A6: 07-04-17 | B6: 5 | C6: Unknown | D6: 200 | E6: 166000
A7: 07-05-17 | B7: 6 | C7: Unknown | D7: 257 | E7: 197000
A8: 07-06-17 | B8: 7 | C8: Unknown | D8: 382 | E8: 232000
A9: 07-07-17 | B9: 8 | C9: Unknown | D9: 567 | E9: 273000
A10: 07-08-17 | B10: 9 | C10: Unknown | D10: 736 | E10: 313000
A11: 07-09-17 | B11: 10 | C11: Unknown | D11: 881 | E11: 354000
A12: 07-10-17 | B12: 11 | C12: Unknown | D12: 962 | E12: 400000
A13: 07-11-17 | B13: 12 | C13: Unknown | D13: 1039 | E13: 450000
A14: 07-12-17 | B14: 13 | C14: Lightning/Natural | D14: 1069 | E14: 495000
A15: 07-13-17 | B15: 14 | C15: Lightning/Natural | D15: 1090 | E15: 540000
A16: 07-14-17 | B16: 15 | C16: Lightning/Natural | D16: 1141 | E16: 585000
A17: 07-15-17 | B17: 16 | C17: Lightning/Natural | D17: 1176 | E17: 635000
... A46: 08-13-17 | B46: 45 | C46: Lightning/Natural | D46: 13497 | E46: 50145

Sheet WhitmoreLF(32)
A1: Date | B1: Fire Day | C1: Cause | D1: Acres | E1: Cost | F1: growth | G1: As | H1: Ls | I1: Best | J1: ICS 209 Cost | K1: Real Cost (Adjusted for Inflation) | L1: Cost per day per acre
A2: 08-03-21 | B2: 1 | C2: Lightning/Natural | D2: 2000 | E2: 250000 | F2: =I2-0 -> 2000 | G2: =$B$15/$I$15*(F2) -> 0.48043926 | H2: =$B$15/SQRT($I$15)*(SQRT(I2)-SQRT(0)) -> 2.5934821 | I2: =D2 -> 2000 | J2: =E2 -> 250000 | K2: =J2*'Inflation Rates by Year'!C$2 -> 282690 | L2: =K2/I2 -> 141.345
A3: 08-04-21 | B3: 2 | C3: Lightning/Natural | D3: 4300 | E3: 495000 | F3: =I3-I2 -> 2300 | G3: =$B$15/$I$15*(F3) -> 0.55250515 | H3: =$B$15/SQRT($I$15)*(SQRT(I3)-SQRT(I2)) -> 1.2093092 | I3: =D3 -> 4300 | J3: =E3 -> 495000 | K3: =J3*'Inflation Rates by Year'!C$2 -> 559726.2 | L3: =K3/I3 -> 130.16888
A4: 08-05-21 | B4: 3 | C4: Lightning/Natural | D4: 15000 | E4: 495000 | F4: =I4-I3 -> 10700 | G4: =$B$15/$I$15*(F4) -> 2.57035 | H4: =$B$15/SQRT($I$15)*(SQRT(I4)-SQRT(I3)) -> 3.2997521 | I4: =D4 -> 15000 | J4: =E4 -> 495000 | K4: =J4*'Inflation Rates by Year'!C$2 -> 559726.2 | L4: =K4/I4 -> 37.31508
A5: 08-06-21 | B5: 4 | C5: Lightning/Natural | D5: 53314 | E5: 600000 | F5: =I5-I4 -> 38314 | G5: =$B$15/$I$15*(F5) -> 9.2037749 | H5: =$B$15/SQRT($I$15)*(SQRT(I5)-SQRT(I4)) -> 6.2877132 | I5: =D5 -> 53314 | J5: =E5 -> 600000 | K5: =J5*'Inflation Rates by Year'!C$2 -> 678456 | L5: =K5/I5 -> 12.725663
A6: 08-07-21 | B6: 5 | C6: Lightning/Natural | D6: 53314 | E6: 2000000 | F6: =I6-I5 -> 0 | G6: =$B$15/$I$15*(F6) -> 0 | H6: =$B$15/SQRT($I$15)*(SQRT(I6)-SQRT(I5)) -> 0 | I6: =D6 -> 53314 | J6: =E6 -> 2000000 | K6: =J6*'Inflation Rates by Year'!C$2 -> 2261520 | L6: =K6/I6 -> 42.418877
A7: 08-08-21 | B7: 6 | C7: D. Fire Suppression Strategy: | D7: 55970 | E7: 2650000 | F7: =I7-I6 -> 2656 | G7: =$B$15/$I$15*(F7) -> 0.63802334 | H7: =$B$15/SQRT($I$15)*(SQRT(I7)-SQRT(I6)) -> 0.3294846 | I7: =D7 -> 55970 | J7: =E7 -> 2650000 | K7: =J7*'Inflation Rates by Year'!C$2 -> 2996514 | L7: =K7/I7 -> 53.53786
A8: 08-09-21 | B8: 7 | C8: Lightning/Natural | D8: 56454 | E8: 2950000 | F8: =I8-I7 -> 484 | G8: =$B$15/$I$15*(F8) -> 0.1162663 | H8: =$B$15/SQRT($I$15)*(SQRT(I8)-SQRT(I7)) -> 0.059192968 | I8: =D8 -> 56454 | J8: =E8 -> 2950000 | K8: =J8*'Inflation Rates by Year'!C$2 -> 3335742 | L8: =K8/I8 -> 59.087788
A9: 08-10-21 | B9: 8 | C9: Lightning/Natural | D9: 57460 | E9: 5000000 | F9: =I9-I8 -> 1006 | G9: =$B$15/$I$15*(F9) -> 0.24166095 | H9: =$B$15/SQRT($I$15)*(SQRT(I9)-SQRT(I8)) -> 0.12222694 | I9: =D9 -> 57460 | J9: =E9 -> 5000000 | K9: =J9*'Inflation Rates by Year'!C$2 -> 5653800 | L9: =K9/I9 -> 98.395405
A10: 08-11-21 | B10: 9 | C10: Lightning/Natural | D10: 57478 | E10: 6100000 | F10: =I10-I9 -> 18 | G10: =$B$15/$I$15*(F10) -> 0.0043239533 | H10: =$B$15/SQRT($I$15)*(SQRT(I10)-SQRT(I9)) -> 0.0021771781 | I10: =D10 -> 57478 | J10: =E10 -> 6100000 | K10: =J10*'Inflation Rates by Year'!C$2 -> 6897636 | L10: =K10/I10 -> 120.0048
A11: 08-12-21 | B11: 10 | C11: Lightning/Natural | D11: 58087 | E11: 6850000 | F11: =I11-0 -> 58087 | G11: =$B$15/$I$15*(F11) -> 13.953638 | H11: =$B$15/SQRT($I$15)*(SQRT(I11)-SQRT(0)) -> 13.9768 | I11: =D11 -> 58087 | J11: =E11 -> 6850000 | K11: =J11*'Inflation Rates by Year'!C$2 -> 7745706 | L11: =K11/I11 -> 133.34664
A12: 08-13-21 | B12: 11 | C12: Lightning/Natural | D12: 58265 | E12: 7400000 | F12: =I12-I11 -> 178 | G12: =$B$15/$I$15*(F12) -> 0.042759094 | H12: =$B$15/SQRT($I$15)*(SQRT(I12)-SQRT(I11)) -> 0.021398655 | I12: =D12 -> 58265 | J12: =E12 -> 7400000 | K12: =J12*'Inflation Rates by Year'!C$2 -> 8367624 | L12: =K12/I12 -> 143.61322
A13: 08-14-21 | B13: 12 | C13: D. Fire Suppression Strategy: | D13: 58276 | E13: 7800000 | F13: =I13-I12 -> 11 | G13: =$B$15/$I$15*(F13) -> 0.0026424159 | H13: =$B$15/SQRT($I$15)*(SQRT(I13)-SQRT(I12)) -> 0.0013213157 | I13: =D13 -> 58276 | J13: =E13 -> 7800000 | K13: =J13*'Inflation Rates by Year'!C$2 -> 8819928 | L13: =K13/I13 -> 151.34752
A14: 08-15-21 | B14: 13 | C14: D. Fire Suppression Strategy: | D14: 58276 | E14: 8300000 | F14: =I14-I13 -> 0 | G14: =$B$15/$I$15*(F14) -> 0 | H14: =$B$15/SQRT($I$15)*(SQRT(I14)-SQRT(I13)) -> 0 | I14: =D14 -> 58276 | J14: =E14 -> 8300000 | K14: =J14*'Inflation Rates by Year'!C$2 -> 9385308 | L14: =K14/I14 -> 161.04928
A15: 08-16-21 | B15: 14 | C15: Lightning/Natural | D15: 58280 | E15: 8550000 | F15: =I15-I14 -> 4 | G15: =$B$15/$I$15*(F15) -> 0.00096087852 | H15: =$B$15/SQRT($I$15)*(SQRT(I15)-SQRT(I14)) -> 0.0004804475 | I15: =D15 -> 58280 | J15: =E15 -> 8550000 | K15: =J15*'Inflation Rates by Year'!C$2 -> 9667998 | L15: =K15/I15 -> 165.88878
A16: 08-17-21 | B16: 15 | C16: Lightning/Natural | D16: 58280 | E16: 8900000 | F16: =I16-I15 -> 0 | G16: =$B$15/$I$15*(F16) -> 0 | H16: =$B$15/SQRT($I$15)*(SQRT(I16)-SQRT(I15)) -> 0 | I16: =D16 -> 58280 | J16: =E16 -> 8900000 | K16: =J16*'Inflation Rates by Year'!C$2 -> 10063764 | L16: =K16/I16 -> 172.67955
A17: 08-18-21 | B17: 16 | C17: Lightning/Natural | D17: 58280 | E17: 9200000 | F17: =I17-I16 -> 0 | G17: =$B$15/$I$15*(F17) -> 0 | H17: =$B$15/SQRT($I$15)*(SQRT(I17)-SQRT(I16)) -> 0 | I17: =D17 -> 58280 | J17: =E17 -> 9200000 | K17: =J17*'Inflation Rates by Year'!C$2 -> 10402992 | L17: =K17/I17 -> 178.50021
A18: 08-20-21 | B18: 17 | C18: Lightning/Natural | D18: 58280 | E18: 7500000 | F18: =I18-I17 -> 0 | G18: =$B$15/$I$15*(F18) -> 0 | H18: =$B$15/SQRT($I$15)*(SQRT(I18)-SQRT(I17)) -> 0 | I18: =D18 -> 58280 | J18: =E18 -> 7500000 | K18: =J18*'Inflation Rates by Year'!C$2 -> 8480700 | L18: =K18/I18 -> 145.51647
A19: 08-21-21 | B19: 18 | C19: Undetermined | D19: 58280 | E19: 8000000 | F19: =I19-I18 -> 0 | G19: =$B$15/$I$15*(F19) -> 0 | H19: =$B$15/SQRT($I$15)*(SQRT(I19)-SQRT(I18)) -> 0 | I19: =D19 -> 58280 | J19: =E19 -> 8000000 | K19: =J19*'Inflation Rates by Year'!C$2 -> 9046080 | L19: =K19/I19 -> 155.21757
A20: 08-22-21 | B20: 19 | C20: Undetermined | D20: 57460 | E20: 7900000 | F20: =I20-0 -> 57460 | G20: =$B$15/$I$15*(F20) -> 13.80302 | H20: =$B$15/SQRT($I$15)*(SQRT(I20)-SQRT(0)) -> 13.901161 | I20: =D20 -> 57460 | J20: =E20 -> 7900000 | K20: =J20*'Inflation Rates by Year'!C$2 -> 8933004 | L20: =K20/I20 -> 155.46474
A21: 09-15-21 | B21: 20 | C21: Lightning/Natural | D21: 58280 | E21: 8000000 | F21: =I21-I20 -> 820 | G21: =$B$15/$I$15*(F21) -> 0.1969801 | H21: =$B$15/SQRT($I$15)*(SQRT(I21)-SQRT(I20)) -> 0.098838946 | I21: =D21 -> 58280 | J21: =E21 -> 8000000 | K21: =J21*'Inflation Rates by Year'!C$2 -> 9046080 | L21: =K21/I21 -> 155.21757
A22: 10-16-21 | B22: 21 | C22: Undetermined | D22: 58234 | E22: 20000000 | F22: =I22-I21 -> -46 | G22: =$B$15/$I$15*(F22) -> -0.011050103 | H22: =$B$15/SQRT($I$15)*(SQRT(I22)-SQRT(I21)) -> -0.0055261421 | I22: =D22 -> 58234 | J22: =E22 -> 20000000 | K22: =J22*'Inflation Rates by Year'!C$2 -> 22615200 | L22: =K22/I22 -> 388.35045

Sheet Road702LF(29)
A1: Date | B1: Fire Day | C1: Cause | D1: Acres | E1: Cost | F1: growth | G1: As | H1: Ls | I1: Best | J1: ICS 209 Cost | K1: Real Cost (Adjusted for Inflation) | L1: Cost per day per acre
A2: 04-22-22 | B2: 1 | C2: Undetermined | D2: 47000 | E2: 200000 | F2: =I2-0 -> 47000 | G2: =$B$7/$I$7*(F2) -> 6.4055969 | H2: =$B$7/SQRT($I$7)*(SQRT(I2)-SQRT(0)) -> 6.1994824 | I2: =D2 -> 47000 | J2: =E2 -> 200000 | K2: =J2*'Inflation Rates by Year'!F$2 -> 238577.06 | L2: =K2/I2 -> 5.0761076
A3: 04-23-22 | B3: 2 | C3: Undetermined | D3: 41155 | E3: 218204 | F3: =I3-I2 -> -5845 | G3: =$B$7/$I$7*(F3) -> -0.79661094 | H3: =$B$7/SQRT($I$7)*(SQRT(I3)-SQRT(I2)) -> -0.39828284 | I3: =D3 -> 41155 | J3: =E3 -> 218204 | K3: =J3*'Inflation Rates by Year'!F$2 -> 260292.34 | L3: =K3/I3 -> 6.3246833
A4: 04-24-22 | B4: 3 | C4: Undetermined | D4: 42425 | E4: 527027 | F4: =I4-I3 -> 1270 | G4: =$B$7/$I$7*(F4) -> 0.17308741 | H4: =$B$7/SQRT($I$7)*(SQRT(I4)-SQRT(I3)) -> 0.088829369 | I4: =D4 -> 42425 | J4: =E4 -> 527027 | K4: =J4*'Inflation Rates by Year'!F$2 -> 628682.76 | L4: =K4/I4 -> 14.818686
A5: 04-25-22 | B5: 4 | C5: Undetermined | D5: 41448 | E5: 932464 | F5: =I5-I4 -> -977 | G5: =$B$7/$I$7*(F5) -> -0.13315464 | H5: =$B$7/SQRT($I$7)*(SQRT(I5)-SQRT(I4)) -> -0.068215387 | I5: =D5 -> 41448 | J5: =E5 -> 932464 | K5: =J5*'Inflation Rates by Year'!F$2 -> 1112322.6 | L5: =K5/I5 -> 26.836581
A6: 04-26-22 | B6: 5 | C6: Undetermined | D6: 43582 | E6: 1326414 | F6: =I6-0 -> 43582 | G6: =$B$7/$I$7*(F6) -> 5.9397601 | H6: =$B$7/SQRT($I$7)*(SQRT(I6)-SQRT(I5)) -> 0.14799057 | I6: =D6 -> 43582 | J6: =E6 -> 1326414 | K6: =J6*'Inflation Rates by Year'!F$2 -> 1582259.8 | L6: =K6/I6 -> 36.30535
A7: 04-27-22 | B7: 6 | C7: Undetermined | D7: 44024 | E7: 1588135 | F7: =I7-I6 -> 442 | G7: =$B$7/$I$7*(F7) -> 0.060239869 | H7: =$B$7/SQRT($I$7)*(SQRT(I7)-SQRT(I6)) -> 0.030195917 | I7: =D7 -> 44024 | J7: =E7 -> 1588135 | K7: =J7*'Inflation Rates by Year'!F$2 -> 1894462.9 | L7: =K7/I7 -> 43.032502
A8: 04-29-22 | B8: 7 | C8: Undetermined | D8: 44024 | E8: 1800000 | F8: =I8-I7 -> 0 | G8: =$B$7/$I$7*(F8) -> 0 | H8: =$B$7/SQRT($I$7)*(SQRT(I8)-SQRT(I7)) -> 0 | I8: =D8 -> 44024 | J8: =E8 -> 1800000 | K8: =J8*'Inflation Rates by Year'!F$2 -> 2147193.5 | L8: =K8/I8 -> 48.773249
A9: 04-30-22 | B9: 8 | C9: Undetermined | D9: 44024 | E9: 1800000 | F9: =I9-I8 -> 0 | G9: =$B$7/$I$7*(F9) -> 0 | H9: =$B$7/SQRT($I$7)*(SQRT(I9)-SQRT(I8)) -> 0 | I9: =D9 -> 44024 | J9: =E9 -> 1800000 | K9: =J9*'Inflation Rates by Year'!F$2 -> 2147193.5 | L9: =K9/I9 -> 48.773249

Sheet RiverLF(42)
A1: Date | B1: Fire Day | C1: Cause | D1: Acres | E1: Cost | F1: growth | G1: As | H1: Ls | I1: Best | J1: ICS 209 Cost | K1: Real Cost (Adjusted for Inflation) | L1: Cost per day per acre
A2: 08-16-20 | B2: 1 | C2: Unknown | D2: 2000 | E2: 200000 | F2: =I2-0 -> 2000 | G2: =$B$15/$I$15*(F2) -> 0.58226585 | H2: =$B$15/SQRT($I$15)*(SQRT(I2)-SQRT(0)) -> 2.855122 | I2: =D2 -> 2000 | J2: =E2 -> 200000 | K2: =J2*'Inflation Rates by Year'!D$2 -> 228865.82 | L2: =K2/I2 -> 114.43291
A3: 08-17-20 | B3: 2 | C3: Unknown | D3: 3793 | E3: 1600000 | F3: =I3-I2 -> 1793 | G3: =$B$15/$I$15*(F3) -> 0.52200133 | H3: =$B$15/SQRT($I$15)*(SQRT(I3)-SQRT(I2)) -> 1.0767656 | I3: =D3 -> 3793 | J3: =E3 -> 1600000 | K3: =J3*'Inflation Rates by Year'!D$2 -> 1830926.6 | L3: =K3/I3 -> 482.71199
A4: 08-18-20 | B4: 3 | C4: Unknown | D4: 4509 | E4: 2239408 | F4: =I4-I3 -> 716 | G4: =$B$15/$I$15*(F4) -> 0.20845117 | H4: =$B$15/SQRT($I$15)*(SQRT(I4)-SQRT(I3)) -> 0.35507595 | I4: =D4 -> 4509 | J4: =E4 -> 2239408 | K4: =J4*'Inflation Rates by Year'!D$2 -> 2562619.8 | L4: =K4/I4 -> 568.33439
A5: 08-19-20 | B5: 4 | C5: Unknown | D5: 15050 | E5: 4396398 | F5: =I5-I4 -> 10541 | G5: =$B$15/$I$15*(F5) -> 3.0688321 | H5: =$B$15/SQRT($I$15)*(SQRT(I5)-SQRT(I4)) -> 3.5451311 | I5: =D5 -> 15050 | J5: =E5 -> 4396398 | K5: =J5*'Inflation Rates by Year'!D$2 -> 5030926.3 | L5: =K5/I5 -> 334.28081
A6: 08-20-20 | B6: 5 | C6: Unknown | D6: 39464 | E6: 7723688 | F6: =I6-I5 -> 24414 | G6: =$B$15/$I$15*(F6) -> 7.1077192 | H6: =$B$15/SQRT($I$15)*(SQRT(I6)-SQRT(I5)) -> 4.8505618 | I6: =D6 -> 39464 | J6: =E6 -> 7723688 | K6: =J6*'Inflation Rates by Year'!D$2 -> 8838441.1 | L6: =K6/I6 -> 223.96212
A7: 08-21-20 | B7: 6 | C7: Unknown | D7: 42583 | E7: 9098108 | F7: =I7-I6 -> 3119 | G7: =$B$15/$I$15*(F7) -> 0.90804359 | H7: =$B$15/SQRT($I$15)*(SQRT(I7)-SQRT(I6)) -> 0.4916513 | I7: =D7 -> 42583 | J7: =E7 -> 9098108 | K7: =J7*'Inflation Rates by Year'!D$2 -> 10411230 | L7: =K7/I7 -> 244.49264
A8: 08-22-20 | B8: 7 | C8: Unknown | D8: 47773 | E8: 11998150 | F8: =I8-I7 -> 5190 | G8: =$B$15/$I$15*(F8) -> 1.5109799 | H8: =$B$15/SQRT($I$15)*(SQRT(I8)-SQRT(I7)) -> 0.77976344 | I8: =D8 -> 47773 | J8: =E8 -> 11998150 | K8: =J8*'Inflation Rates by Year'!D$2 -> 13729832 | L8: =K8/I8 -> 287.39733
A9: 08-23-20 | B9: 8 | C9: Unknown | D9: 48424 | E9: 14467010 | F9: =I9-I8 -> 651 | G9: =$B$15/$I$15*(F9) -> 0.18952753 | H9: =$B$15/SQRT($I$15)*(SQRT(I9)-SQRT(I8)) -> 0.094753965 | I9: =D9 -> 48424 | J9: =E9 -> 14467010 | K9: =J9*'Inflation Rates by Year'!D$2 -> 16555021 | L9: =K9/I9 -> 341.87636
A10: 08-24-20 | B10: 9 | C10: Unknown | D10: 48424 | E10: 17195644 | F10: =I10-I9 -> 0 | G10: =$B$15/$I$15*(F10) -> 0 | H10: =$B$15/SQRT($I$15)*(SQRT(I10)-SQRT(I9)) -> 0 | I10: =D10 -> 48424 | J10: =E10 -> 17195644 | K10: =J10*'Inflation Rates by Year'!D$2 -> 19677476 | L10: =K10/I10 -> 406.35793
A11: 08-25-20 | B11: 10 | C11: Unknown | D11: 48424 | E11: 17847019 | F11: =I11-I10 -> 0 | G11: =$B$15/$I$15*(F11) -> 0 | H11: =$B$15/SQRT($I$15)*(SQRT(I11)-SQRT(I10)) -> 0 | I11: =D11 -> 48424 | J11: =E11 -> 17847019 | K11: =J11*'Inflation Rates by Year'!D$2 -> 20422864 | L11: =K11/I11 -> 421.75086
A12: 08-26-20 | B12: 11 | C12: Unknown | D12: 48424 | E12: 19673526 | F12: =I12-I11 -> 0 | G12: =$B$15/$I$15*(F12) -> 0 | H12: =$B$15/SQRT($I$15)*(SQRT(I12)-SQRT(I11)) -> 0 | I12: =D12 -> 48424 | J12: =E12 -> 19673526 | K12: =J12*'Inflation Rates by Year'!D$2 -> 22512989 | L12: =K12/I12 -> 464.91386
A13: 08-27-20 | B13: 12 | C13: Unknown | D13: 48732 | E13: 21478398 | F13: =I13-I12 -> 308 | G13: =$B$15/$I$15*(F13) -> 0.08966894 | H13: =$B$15/SQRT($I$15)*(SQRT(I13)-SQRT(I12)) -> 0.044607833 | I13: =D13 -> 48732 | J13: =E13 -> 21478398 | K13: =J13*'Inflation Rates by Year'!D$2 -> 24578356 | L13: =K13/I13 -> 504.35764
A14: 08-28-20 | B14: 13 | C14: Unknown | D14: 48732 | E14: 21478398 | F14: =I14-I13 -> 0 | G14: =$B$15/$I$15*(F14) -> 0 | H14: =$B$15/SQRT($I$15)*(SQRT(I14)-SQRT(I13)) -> 0 | I14: =D14 -> 48732 | J14: =E14 -> 21478398 | K14: =J14*'Inflation Rates by Year'!D$2 -> 24578356 | L14: =K14/I14 -> 504.35764
... A21: 09-04-20 | B21: 20 | C21: Unknown | D21: 48088 | E21: 24493709 | F21: =I21-I20 -> 0 | G21: =$B$15/$I$15*(F21) -> 0 | H21: =$B$15/SQRT($I$15)*(SQRT(I21)-SQRT(I20)) -> 0 | I21: =D21 -> 48088 | J21: =E21 -> 24493709 | K21: =J21*'Inflation Rates by Year'!D$2 -> 28028864 | L21: =K21/I21 -> 582.86609

Sheet McCashXLF(1)
A1: Date | B1: Fire Day | C1: Cause | D1: Acres | E1: Cost | F1: growth | G1: As | H1: Ls | I1: Best | J1: ICS 209 Cost | K1: Real Cost (Adjusted for Inflation) | L1: Cost per day per acre
A2: 44409 | B2: 1 | C2: Undetermined | D2: 200 | E2: 200000 | F2: =I2-0 -> 200 | G2: =$B$64/$I$64*(F2) -> 0.13473918 | H2: =$B$64/SQRT($I$64)*(SQRT(I2)-SQRT(0)) -> 2.9135148 | I2: =D2 -> 200 | J2: =E2 -> 200000 | K2: =J2*'Inflation Rates by Year'!$C$2 -> 226152 | L2: =K2/I2 -> 1130.76
A3: 44410 | B3: 2 | C3: Undetermined | D3: 250 | E3: 200000 | F3: =I3-I2 -> 50 | G3: =$B$64/$I$64*(F3) -> 0.033684796 | H3: =$B$64/SQRT($I$64)*(SQRT(I3)-SQRT(I2)) -> 0.34389377 | I3: =D3 -> 250 | J3: =E3 -> 200000 | K3: =J3*'Inflation Rates by Year'!$C$2 -> 226152 | L3: =K3/I3 -> 904.608
A4: 44411 | B4: 3 | C4: Undetermined | D4: 675 | E4: 200000 | F4: =I4-I3 -> 425 | G4: =$B$64/$I$64*(F4) -> 0.28632076 | H4: =$B$64/SQRT($I$64)*(SQRT(I4)-SQRT(I3)) -> 2.0950599 | I4: =D4 -> 675 | J4: =E4 -> 200000 | K4: =J4*'Inflation Rates by Year'!$C$2 -> 226152 | L4: =K4/I4 -> 335.04
A5: 44411 | B5: 4 | C5: Lightning/Natural | D5: 675 | E5: 200000 | F5: =I5-I4 -> 0 | G5: =$B$64/$I$64*(F5) -> 0 | H5: =$B$64/SQRT($I$64)*(SQRT(I5)-SQRT(I4)) -> 0 | I5: =D5 -> 675 | J5: =E5 -> 200000 | K5: =J5*'Inflation Rates by Year'!$C$2 -> 226152 | L5: =K5/I5 -> 335.04
A6: 44413 | B6: 5 | C6: Lightning/Natural | D6: 951 | E6: 700000 | F6: =I6-I5 -> 276 | G6: =$B$64/$I$64*(F6) -> 0.18594007 | H6: =$B$64/SQRT($I$64)*(SQRT(I6)-SQRT(I5)) -> 1.000731 | I6: =D6 -> 951 | J6: =E6 -> 700000 | K6: =J6*'Inflation Rates by Year'!$C$2 -> 791532 | L6: =K6/I6 -> 832.31546
A7: 44413 | B7: 6 | C7: Lightning/Natural | D7: 951 | E7: 700000 | F7: =I7-I6 -> 0 | G7: =$B$64/$I$64*(F7) -> 0 | H7: =$B$64/SQRT($I$64)*(SQRT(I7)-SQRT(I6)) -> 0 | I7: =D7 -> 951 | J7: =E7 -> 700000 | K7: =J7*'Inflation Rates by Year'!$C$2 -> 791532 | L7: =K7/I7 -> 832.31546
A8: 44414 | B8: 7 | C8: Lightning/Natural | D8: 1194 | E8: 750000 | F8: =I8-I7 -> 243 | G8: =$B$64/$I$64*(F8) -> 0.16370811 | H8: =$B$64/SQRT($I$64)*(SQRT(I8)-SQRT(I7)) -> 0.76556126 | I8: =D8 -> 1194 | J8: =E8 -> 750000 | K8: =J8*'Inflation Rates by Year'!$C$2 -> 848070 | L8: =K8/I8 -> 710.27638
A9: 44415 | B9: 8 | C9: Lightning/Natural | D9: 1270 | E9: 750000 | F9: =I9-I8 -> 76 | G9: =$B$64/$I$64*(F9) -> 0.05120089 | H9: =$B$64/SQRT($I$64)*(SQRT(I9)-SQRT(I8)) -> 0.22306536 | I9: =D9 -> 1270 | J9: =E9 -> 750000 | K9: =J9*'Inflation Rates by Year'!$C$2 -> 848070 | L9: =K9/I9 -> 667.77165
A10: 44416 | B10: 9 | C10: Lightning/Natural | D10: 1334 | E10: 800000 | F10: =I10-I9 -> 64 | G10: =$B$64/$I$64*(F10) -> 0.043116539 | H10: =$B$64/SQRT($I$64)*(SQRT(I10)-SQRT(I9)) -> 0.18271724 | I10: =D10 -> 1334 | J10: =E10 -> 800000 | K10: =J10*'Inflation Rates by Year'!$C$2 -> 904608 | L10: =K10/I10 -> 678.11694
A11: 44418 | B11: 10 | C11: Lightning/Natural | D11: 1555 | E11: 1600000 | F11: =I11-I10 -> 221 | G11: =$B$64/$I$64*(F11) -> 0.1488868 | H11: =$B$64/SQRT($I$64)*(SQRT(I11)-SQRT(I10)) -> 0.59941018 | I11: =D11 -> 1555 | J11: =E11 -> 1600000 | K11: =J11*'Inflation Rates by Year'!$C$2 -> 1809216 | L11: =K11/I11 -> 1163.483
A12: 44419 | B12: 11 | C12: Lightning/Natural | D12: 1769 | E12: 1800000 | F12: =I12-I11 -> 214 | G12: =$B$64/$I$64*(F12) -> 0.14417093 | H12: =$B$64/SQRT($I$64)*(SQRT(I12)-SQRT(I11)) -> 0.54099825 | I12: =D12 -> 1769 | J12: =E12 -> 1800000 | K12: =J12*'Inflation Rates by Year'!$C$2 -> 2035368 | L12: =K12/I12 -> 1150.5755
A13: 44420 | B13: 12 | C13: Lightning/Natural | D13: 1769 | E13: 2100000 | F13: =I13-I12 -> 0 | G13: =$B$64/$I$64*(F13) -> 0 | H13: =$B$64/SQRT($I$64)*(SQRT(I13)-SQRT(I12)) -> 0 | I13: =D13 -> 1769 | J13: =E13 -> 2100000 | K13: =J13*'Inflation Rates by Year'!$C$2 -> 2374596 | L13: =K13/I13 -> 1342.338
A14: 44421 | B14: 13 | C14: Lightning/Natural | D14: 2116 | E14: 2600000 | F14: =I14-I13 -> 347 | G14: =$B$64/$I$64*(F14) -> 0.23377248 | H14: =$B$64/SQRT($I$64)*(SQRT(I14)-SQRT(I13)) -> 0.81181222 | I14: =D14 -> 2116 | J14: =E14 -> 2600000 | K14: =J14*'Inflation Rates by Year'!$C$2 -> 2939976 | L14: =K14/I14 -> 1389.4026
... A89: 44496 | B89: 88 | C89: Lightning/Natural | D89: 94962 | E89: 53350000 | F89: =I89-I88 -> 0 | G89: =$B$64/$I$64*(F89) -> 0 | H89: =$B$64/SQRT($I$64)*(SQRT(I89)-SQRT(I88)) -> 0 | I89: =D89 -> 94962 | J89: =E89 -> 53350000 | K89: =J89*'Inflation Rates by Year'!$C$2 -> 60326046 | L89: =K89/I89 -> 635.26512

Sheet SoberanesXLF(30)
A1: Date | B1: Fire Day | C1: Cause | D1: Acres | E1: Cost | F1: growth | G1: As | H1: Ls | I1: Best | J1: ICS 209 Cost | K1: Real Cost (Adjusted for Inflation) | L1: Cost per day per acre
A2: 08/01/2016 0600 | B2: 1 | C2: Unknown | D2: 40618 | E2: 44600000 | F2: =I2-0 -> 40618 | G2: =$B$71/$I$71*(F2) -> 21.519144 | H2: =$B$71/SQRT($I$71)*(SQRT(I2)-SQRT(0)) -> 38.811598 | I2: =D2 -> 40618 | J2: =E2 -> 44600000 | K2: =J2*'Inflation Rates by Year'!$H$2 -> 55026100 | L2: =K2/I2 -> 1354.722
A3: 08/02/2016 0600 | B3: 2 | C3: Unknown | D3: 43400 | E3: 51000000 | F3: =I3-I2 -> 2782 | G3: =$B$71/$I$71*(F3) -> 1.473885 | H3: =$B$71/SQRT($I$71)*(SQRT(I3)-SQRT(I2)) -> 1.3071269 | I3: =D3 -> 43400 | J3: =E3 -> 51000000 | K3: =J3*'Inflation Rates by Year'!$H$2 -> 62922222 | L3: =K3/I3 -> 1449.8208
A4: 08/03/2016 0600 | B4: 3 | C4: Human | D4: 45800 | E4: 58500000 | F4: =I4-I3 -> 2400 | G4: =$B$71/$I$71*(F4) -> 1.2715039 | H4: =$B$71/SQRT($I$71)*(SQRT(I4)-SQRT(I3)) -> 1.0943478 | I4: =D4 -> 45800 | J4: =E4 -> 58500000 | K4: =J4*'Inflation Rates by Year'!$H$2 -> 72175489 | L4: =K4/I4 -> 1575.884
A5: 08/03/2016 1800 | B5: 4 | C5: Human | D5: 46700 | E5: 65500000 | F5: =I5-I4 -> 900 | G5: =$B$71/$I$71*(F5) -> 0.47681397 | H5: =$B$71/SQRT($I$71)*(SQRT(I5)-SQRT(I4)) -> 0.40296195 | I5: =D5 -> 46700 | J5: =E5 -> 65500000 | K5: =J5*'Inflation Rates by Year'!$H$2 -> 80811873 | L5: =K5/I5 -> 1730.447
A6: 08/04/2016 1800 | B6: 5 | C6: Human | D6: 51200 | E6: 72800000 | F6: =I6-I5 -> 4500 | G6: =$B$71/$I$71*(F6) -> 2.3840699 | H6: =$B$71/SQRT($I$71)*(SQRT(I6)-SQRT(I5)) -> 1.9589494 | I6: =D6 -> 51200 | J6: =E6 -> 72800000 | K6: =J6*'Inflation Rates by Year'!$H$2 -> 89818387 | L6: =K6/I6 -> 1754.2654
A7: 08/06/2016 0600 | B7: 6 | C7: Human | D7: 55600 | E7: 79600000 | F7: =I7-I6 -> 4400 | G7: =$B$71/$I$71*(F7) -> 2.3310905 | H7: =$B$71/SQRT($I$71)*(SQRT(I7)-SQRT(I6)) -> 1.8337769 | I7: =D7 -> 55600 | J7: =E7 -> 79600000 | K7: =J7*'Inflation Rates by Year'!$H$2 -> 98208016 | L7: =K7/I7 -> 1766.3312
A8: 08/06/2016 1800 | B8: 7 | C8: Human | D8: 56500 | E8: 86000000 | F8: =I8-I7 -> 900 | G8: =$B$71/$I$71*(F8) -> 0.47681397 | H8: =$B$71/SQRT($I$71)*(SQRT(I8)-SQRT(I7)) -> 0.36604161 | I8: =D8 -> 56500 | J8: =E8 -> 86000000 | K8: =J8*'Inflation Rates by Year'!$H$2 -> 1.0610414e+08 | L8: =K8/I8 -> 1877.9494
A9: 08/08/2016 0600 | B9: 8 | C9: Human | D9: 60400 | E9: 92500000 | F9: =I9-I8 -> 3900 | G9: =$B$71/$I$71*(F9) -> 2.0661939 | H9: =$B$71/SQRT($I$71)*(SQRT(I9)-SQRT(I8)) -> 1.5534778 | I9: =D9 -> 60400 | J9: =E9 -> 92500000 | K9: =J9*'Inflation Rates by Year'!$H$2 -> 1.1412364e+08 | L9: =K9/I9 -> 1889.4642
A10: 08/09/2016 0600 | B10: 9 | C10: Human | D10: 67092 | E10: 97500000 | F10: =I10-I9 -> 6692 | G10: =$B$71/$I$71*(F10) -> 3.5453768 | H10: =$B$71/SQRT($I$71)*(SQRT(I10)-SQRT(I9)) -> 2.5530037 | I10: =D10 -> 67092 | J10: =E10 -> 97500000 | K10: =J10*'Inflation Rates by Year'!$H$2 -> 1.2029248e+08 | L10: =K10/I10 -> 1792.9482
A11: 08/09/2016 1800 | B11: 10 | C11: Human | D11: 67092 | E11: 102400000 | F11: =I11-I10 -> 0 | G11: =$B$71/$I$71*(F11) -> 0 | H11: =$B$71/SQRT($I$71)*(SQRT(I11)-SQRT(I10)) -> 0 | I11: =D11 -> 67092 | J11: =E11 -> 102400000 | K11: =J11*'Inflation Rates by Year'!$H$2 -> 1.2633795e+08 | L11: =K11/I11 -> 1883.0554
A12: 08/10/2016 1800 | B12: 11 | C12: Human | D12: 68698 | E12: 107500000 | F12: =I12-I11 -> 1606 | G12: =$B$71/$I$71*(F12) -> 0.85084805 | H12: =$B$71/SQRT($I$71)*(SQRT(I12)-SQRT(I11)) -> 0.59348056 | I12: =D12 -> 68698 | J12: =E12 -> 107500000 | K12: =J12*'Inflation Rates by Year'!$H$2 -> 1.3263017e+08 | L12: =K12/I12 -> 1930.6264
A13: 08/12/2016 0600 | B13: 12 | C13: Human | D13: 70615 | E13: 113600000 | F13: =I13-I12 -> 1917 | G13: =$B$71/$I$71*(F13) -> 1.0156138 | H13: =$B$71/SQRT($I$71)*(SQRT(I13)-SQRT(I12)) -> 0.6993971 | I13: =D13 -> 70615 | J13: =E13 -> 113600000 | K13: =J13*'Inflation Rates by Year'!$H$2 -> 1.4015616e+08 | L13: =K13/I13 -> 1984.7931
A14: 08/12/2016 1800 | B14: 13 | C14: Human | D14: 70615 | E14: 118700000 | F14: =I14-I13 -> 0 | G14: =$B$71/$I$71*(F14) -> 0 | H14: =$B$71/SQRT($I$71)*(SQRT(I14)-SQRT(I13)) -> 0 | I14: =D14 -> 70615 | J14: =E14 -> 118700000 | K14: =J14*'Inflation Rates by Year'!$H$2 -> 1.4644839e+08 | L14: =K14/I14 -> 2073.8991
... A86: 10/24/2016 1800 | B86: 85 | C86: Human | D86: 132127 | E86: 262500000 | F86: =I86-I85 -> 0 | G86: =$B$71/$I$71*(F86) -> 0 | H86: =$B$71/SQRT($I$71)*(SQRT(I86)-SQRT(I85)) -> 0 | I86: =D86 -> 132127 | J86: =E86 -> 262500000 | K86: =J86*'Inflation Rates by Year'!$H$2 -> 3.2386438e+08 | L86: =K86/I86 -> 2451.1597

Sheet KlondikeXLF(28)
A1: Date | B1: Fire Day | C1: Cause | D1: Acres | E1: Cost | F1: growth | G1: As | H1: Ls | I1: Best | J1: ICS 209 Cost | K1: Real Cost (Adjusted for Inflation) | L1: Cost per day per acre
A2: 43300 | B2: 1 | C2: Lightning/Natural | D2: 586 | E2: 100000 | F2: =I2-0 -> 586 | G2: =$B$99/$I$99*(F2) -> 0.32767691 | H2: =$B$99/SQRT($I$99)*(SQRT(I2)-SQRT(0)) -> 5.6667749 | I2: =D2 -> 586 | J2: =E2 -> 100000 | K2: =J2*'Inflation Rates by Year'!$F$2 -> 119288.53 | L2: =K2/I2 -> 203.56404
A3: 43301 | B3: 2 | C3: Lightning/Natural | D3: 100 | E3: 150000 | F3: =I3-I2 -> -486 | G3: =$B$99/$I$99*(F3) -> -0.27175935 | H3: =$B$99/SQRT($I$99)*(SQRT(I3)-SQRT(I2)) -> -3.3258517 | I3: =D3 -> 100 | J3: =E3 -> 150000 | K3: =J3*'Inflation Rates by Year'!$F$2 -> 178932.79 | L3: =K3/I3 -> 1789.3279
A4: 43302 | B4: 3 | C4: Lightning/Natural | D4: 2169 | E4: 15000 | F4: =I4-I3 -> 2069 | G4: =$B$99/$I$99*(F4) -> 1.1569343 | H4: =$B$99/SQRT($I$99)*(SQRT(I4)-SQRT(I3)) -> 8.5613467 | I4: =D4 -> 2169 | J4: =E4 -> 15000 | K4: =J4*'Inflation Rates by Year'!$F$2 -> 17893.279 | L4: =K4/I4 -> 8.2495525
A5: 43303 | B5: 4 | C5: Lightning/Natural | D5: 2169 | E5: 70000 | F5: =I5-I4 -> 0 | G5: =$B$99/$I$99*(F5) -> 0 | H5: =$B$99/SQRT($I$99)*(SQRT(I5)-SQRT(I4)) -> 0 | I5: =D5 -> 2169 | J5: =E5 -> 70000 | K5: =J5*'Inflation Rates by Year'!$F$2 -> 83501.971 | L5: =K5/I5 -> 38.497912
A6: 43304 | B6: 5 | C6: Lightning/Natural | D6: 5281 | E6: 126316 | F6: =I6-I5 -> 3112 | G6: =$B$99/$I$99*(F6) -> 1.7401545 | H6: =$B$99/SQRT($I$99)*(SQRT(I6)-SQRT(I5)) -> 6.109333 | I6: =D6 -> 5281 | J6: =E6 -> 126316 | K6: =J6*'Inflation Rates by Year'!$F$2 -> 150680.5 | L6: =K6/I6 -> 28.532569
A7: 43305 | B7: 6 | C7: Lightning/Natural | D7: 6097 | E7: 199000 | F7: =I7-I6 -> 816 | G7: =$B$99/$I$99*(F7) -> 0.4562873 | H7: =$B$99/SQRT($I$99)*(SQRT(I7)-SQRT(I6)) -> 1.2670948 | I7: =D7 -> 6097 | J7: =E7 -> 199000 | K7: =J7*'Inflation Rates by Year'!$F$2 -> 237384.17 | L7: =K7/I7 -> 38.934586
A8: 43306 | B8: 7 | C8: Lightning/Natural | D8: 6693 | E8: 348634 | F8: =I8-I7 -> 596 | G8: =$B$99/$I$99*(F8) -> 0.33326867 | H8: =$B$99/SQRT($I$99)*(SQRT(I8)-SQRT(I7)) -> 0.87257169 | I8: =D8 -> 6693 | J8: =E8 -> 348634 | K8: =J8*'Inflation Rates by Year'!$F$2 -> 415880.37 | L8: =K8/I8 -> 62.136616
A9: 43307 | B9: 8 | C9: Lightning/Natural | D9: 7253 | E9: 642317 | F9: =I9-I8 -> 560 | G9: =$B$99/$I$99*(F9) -> 0.31313834 | H9: =$B$99/SQRT($I$99)*(SQRT(I9)-SQRT(I8)) -> 0.78509631 | I9: =D9 -> 7253 | J9: =E9 -> 642317 | K9: =J9*'Inflation Rates by Year'!$F$2 -> 766210.5 | L9: =K9/I9 -> 105.64049
A10: 43308 | B10: 9 | C10: Lightning/Natural | D10: 8276 | E10: 1210078 | F10: =I10-I9 -> 1023 | G10: =$B$99/$I$99*(F10) -> 0.57203665 | H10: =$B$99/SQRT($I$99)*(SQRT(I10)-SQRT(I9)) -> 1.3596027 | I10: =D10 -> 8276 | J10: =E10 -> 1210078 | K10: =J10*'Inflation Rates by Year'!$F$2 -> 1443484.2 | L10: =K10/I10 -> 174.41811
A11: 43309 | B11: 10 | C11: Lightning/Natural | D11: 10989 | E11: 1953198 | F11: =I11-I10 -> 2713 | G11: =$B$99/$I$99*(F11) -> 1.5170434 | H11: =$B$99/SQRT($I$99)*(SQRT(I11)-SQRT(I10)) -> 3.2435615 | I11: =D11 -> 10989 | J11: =E11 -> 1953198 | K11: =J11*'Inflation Rates by Year'!$F$2 -> 2329941.2 | L11: =K11/I11 -> 212.02486
A12: 43310 | B12: 11 | C12: Lightning/Natural | D12: 13922 | E12: 2146093 | F12: =I12-I11 -> 2933 | G12: =$B$99/$I$99*(F12) -> 1.6400621 | H12: =$B$99/SQRT($I$99)*(SQRT(I12)-SQRT(I11)) -> 3.0813791 | I12: =D12 -> 13922 | J12: =E12 -> 2146093 | K12: =J12*'Inflation Rates by Year'!$F$2 -> 2560042.8 | L12: =K12/I12 -> 183.8847
A13: 43311 | B13: 12 | C13: Lightning/Natural | D13: 15915 | E13: 2796564 | F13: =I13-I12 -> 1993 | G13: =$B$99/$I$99*(F13) -> 1.114437 | H13: =$B$99/SQRT($I$99)*(SQRT(I13)-SQRT(I12)) -> 1.9109287 | I13: =D13 -> 15915 | J13: =E13 -> 2796564 | K13: =J13*'Inflation Rates by Year'!$F$2 -> 3335980.1 | L13: =K13/I13 -> 209.61232
A14: 43312 | B14: 13 | C14: Lightning/Natural | D14: 17987 | E14: 3320546 | F14: =I14-I13 -> 2072 | G14: =$B$99/$I$99*(F14) -> 1.1586119 | H14: =$B$99/SQRT($I$99)*(SQRT(I14)-SQRT(I13)) -> 1.8635983 | I14: =D14 -> 17987 | J14: =E14 -> 3320546 | K14: =J14*'Inflation Rates by Year'!$F$2 -> 3961030.5 | L14: =K14/I14 -> 220.21629
... A107: 43432 | B107: 106 | C107: Lightning/Natural | D107: 175258 | E107: 1.0434339e+08 | F107: =I107-I106 -> 0 | G107: =$B$99/$I$99*(F107) -> 0 | H107: =$B$99/SQRT($I$99)*(SQRT(I107)-SQRT(I106)) -> 0 | I107: =D107 -> 175258 | J107: =E107 -> 1.0434339e+08 | K107: =J107*'Inflation Rates by Year'!$F$2 -> 1.244697e+08 | L107: =K107/I107 -> 710.20838

Sheet BoxcarXLF(23)
A1: Date | B1: Fire Day | C1: Cause | D1: Acres | E1: Cost | F1: growth | G1: As | H1: Ls | I1: Best | J1: ICS 209 Cost | K1: Real Cost (Adjusted for Inflation) | L1: Cost per day per acre
A2: 43272 | B2: 1 | C2: Lightning/Natural | D2: 23000 | E2: 400000 | F2: =I2-0 -> 23000 | G2: =$B$6/$I$6*(F2) -> 1.1476244 | H2: =$B$6/SQRT($I$6)*(SQRT(I2)-SQRT(0)) -> 2.3954378 | I2: =D2 -> 23000 | J2: =E2 -> 400000 | K2: =J2*'Inflation Rates by Year'!F$2 -> 477154.12 | L2: =K2/I2 -> 20.745831
A3: 43273 | B3: 2 | C3: Lightning/Natural | D3: 87000 | E3: 950000 | F3: =I3-I2 -> 64000 | G3: =$B$6/$I$6*(F3) -> 3.1933897 | H3: =$B$6/SQRT($I$6)*(SQRT(I3)-SQRT(I2)) -> 2.2634323 | I3: =D3 -> 87000 | J3: =E3 -> 950000 | K3: =J3*'Inflation Rates by Year'!F$2 -> 1133241 | L3: =K3/I3 -> 13.025759
A4: 43274 | B4: 3 | C4: Unknown | D4: 95850 | E4: 2094906 | F4: =I4-I3 -> 8850 | G4: =$B$6/$I$6*(F4) -> 0.44158592 | H4: =$B$6/SQRT($I$6)*(SQRT(I4)-SQRT(I3)) -> 0.23122194 | I4: =D4 -> 95850 | J4: =E4 -> 2094906 | K4: =J4*'Inflation Rates by Year'!F$2 -> 2498982.6 | L4: =K4/I4 -> 26.071806
A5: 43275 | B5: 4 | C5: Unknown | D5: 99500 | E5: 2144000 | F5: =I5-I4 -> 3650 | G5: =$B$6/$I$6*(F5) -> 0.18212301 | H5: =$B$6/SQRT($I$6)*(SQRT(I5)-SQRT(I4)) -> 0.092238257 | I5: =D5 -> 99500 | J5: =E5 -> 2144000 | K5: =J5*'Inflation Rates by Year'!F$2 -> 2557546.1 | L5: =K5/I5 -> 25.703981
A6: 43276 | B6: 5 | C6: Lightning/Natural | D6: 100207 | E6: 2641894.6 | F6: =I6-I5 -> 707 | G6: =$B$6/$I$6*(F6) -> 0.035276977 | H6: =$B$6/SQRT($I$6)*(SQRT(I6)-SQRT(I5)) -> 0.01766971 | I6: =D6 -> 100207 | J6: =E6 -> 2641894.6 | K6: =J6*'Inflation Rates by Year'!F$2 -> 3151477.2 | L6: =K6/I6 -> 31.449671
A7: 43277 | B7: 6 | C7: Unknown | D7: 100207 | E7: 3117256.8 | F7: =I7-I6 -> 0 | G7: =$B$6/$I$6*(F7) -> 0 | H7: =$B$6/SQRT($I$6)*(SQRT(I7)-SQRT(I6)) -> 0 | I7: =D7 -> 100207 | J7: =E7 -> 3117256.8 | K7: =J7*'Inflation Rates by Year'!F$2 -> 3718529.7 | L7: =K7/I7 -> 37.108483
A8: 43278 | B8: 7 | C8: Unknown | D8: 100207 | E8: 3200000 | F8: =I8-I7 -> 0 | G8: =$B$6/$I$6*(F8) -> 0 | H8: =$B$6/SQRT($I$6)*(SQRT(I8)-SQRT(I7)) -> 0 | I8: =D8 -> 100207 | J8: =E8 -> 3200000 | K8: =J8*'Inflation Rates by Year'!F$2 -> 3817232.9 | L8: =K8/I8 -> 38.093476
A9: 43280 | B9: 8 | C9: Unknown | D9: 100207 | E9: 3225000 | F9: =I9-I8 -> 0 | G9: =$B$6/$I$6*(F9) -> 0 | H9: =$B$6/SQRT($I$6)*(SQRT(I9)-SQRT(I8)) -> 0 | I9: =D9 -> 100207 | J9: =E9 -> 3225000 | K9: =J9*'Inflation Rates by Year'!F$2 -> 3847055.1 | L9: =K9/I9 -> 38.391081
A10: 43281 | B10: 9 | C10: Unknown | D10: 100207 | E10: 3250000 | F10: =I10-I9 -> 0 | G10: =$B$6/$I$6*(F10) -> 0 | H10: =$B$6/SQRT($I$6)*(SQRT(I10)-SQRT(I9)) -> 0 | I10: =D10 -> 100207 | J10: =E10 -> 3250000 | K10: =J10*'Inflation Rates by Year'!F$2 -> 3876877.2 | L10: =K10/I10 -> 38.688686
A11: 43282 | B11: 10 | C11: Unknown | D11: 100207 | E11: 3275000 | F11: =I11-I10 -> 0 | G11: =$B$6/$I$6*(F11) -> 0 | H11: =$B$6/SQRT($I$6)*(SQRT(I11)-SQRT(I10)) -> 0 | I11: =D11 -> 100207 | J11: =E11 -> 3275000 | K11: =J11*'Inflation Rates by Year'!F$2 -> 3906699.3 | L11: =K11/I11 -> 38.986292
A12: 43283 | B12: 11 | C12: Unknown | D12: 100207 | E12: 3280000 | F12: =I12-I11 -> 0 | G12: =$B$6/$I$6*(F12) -> 0 | H12: =$B$6/SQRT($I$6)*(SQRT(I12)-SQRT(I11)) -> 0 | I12: =D12 -> 100207 | J12: =E12 -> 3280000 | K12: =J12*'Inflation Rates by Year'!F$2 -> 3912663.8 | L12: =K12/I12 -> 39.045813

Sheet MosquitoXLF(22)
A1: Date | B1: Fire Day | C1: Cause | D1: Acres | E1: Cost | F1: growth | G1: As | H1: Ls | I1: Best | J1: ICS 209 Cost | K1: Real Cost (Adjusted for Inflation) | L1: Cost per day per acre
A2: 09/06/2022 2315 | B2: 1 | C2: Undetermined | D2: 600 | E2: 100000 | F2: =I2-0 -> 600 | G2: =$B$24/$I$24*(F2) -> 0.17971558 | H2: =$B$24/SQRT($I$24)*(SQRT(I2)-SQRT(0)) -> 2.0330908 | I2: =D2 -> 600 | J2: =E2 -> 100000 | K2: =J2 -> 100000 | L2: =K2/I2 -> 166.66667
A3: 09/07/2022 1700 | B3: 2 | C3: Undetermined | D3: 4223 | E3: 800000 | F3: =I3-I2 -> 3623 | G3: =$B$24/$I$24*(F3) -> 1.0851826 | H3: =$B$24/SQRT($I$24)*(SQRT(I3)-SQRT(I2)) -> 3.3606702 | I3: =D3 -> 4223 | J3: =E3 -> 800000 | K3: =J3 -> 800000 | L3: =K3/I3 -> 189.43879
A4: 09/09/2022 0500 | B4: 3 | C4: Undetermined | D4: 14250 | E4: 1250000 | F4: =I4-I3 -> 10027 | G4: =$B$24/$I$24*(F4) -> 3.0033469 | H4: =$B$24/SQRT($I$24)*(SQRT(I4)-SQRT(I3)) -> 4.5142981 | I4: =D4 -> 14250 | J4: =E4 -> 1250000 | K4: =J4 -> 1250000 | L4: =K4/I4 -> 87.719298
A5: 09/10/2022 0530 | B5: 4 | C5: Undetermined | D5: 33754 | E5: 2250000 | F5: =I5-I4 -> 19504 | G5: =$B$24/$I$24*(F5) -> 5.8419545 | H5: =$B$24/SQRT($I$24)*(SQRT(I5)-SQRT(I4)) -> 5.3410257 | I5: =D5 -> 33754 | J5: =E5 -> 2250000 | K5: =J5 -> 2250000 | L5: =K5/I5 -> 66.658766
A6: 09/10/2022 1730 | B6: 5 | C6: Undetermined | D6: 37326 | E6: 12250000 | F6: =I6-I5 -> 3572 | G6: =$B$24/$I$24*(F6) -> 1.0699068 | H6: =$B$24/SQRT($I$24)*(SQRT(I6)-SQRT(I5)) -> 0.78657679 | I6: =D6 -> 37326 | J6: =E6 -> 12250000 | K6: =J6 -> 12250000 | L6: =K6/I6 -> 328.18947
A7: 09/12/2022 0500 | B7: 6 | C7: Undetermined | D7: 46587 | E7: 15400000 | F7: =I7-I6 -> 9261 | G7: =$B$24/$I$24*(F7) -> 2.77391 | H7: =$B$24/SQRT($I$24)*(SQRT(I7)-SQRT(I6)) -> 1.879203 | I7: =D7 -> 46587 | J7: =E7 -> 15400000 | K7: =J7 -> 15400000 | L7: =K7/I7 -> 330.56432
A8: 09/12/2022 1730 | B8: 7 | C8: Undetermined | D8: 48700 | E8: 20400000 | F8: =I8-I7 -> 2113 | G8: =$B$24/$I$24*(F8) -> 0.63289837 | H8: =$B$24/SQRT($I$24)*(SQRT(I8)-SQRT(I7)) -> 0.40176817 | I8: =D8 -> 48700 | J8: =E8 -> 20400000 | K8: =J8 -> 20400000 | L8: =K8/I8 -> 418.89117
A9: 09/13/2022 1730 | B9: 8 | C9: Undetermined | D9: 50330 | E9: 25500000 | F9: =I9-I8 -> 1630 | G9: =$B$24/$I$24*(F9) -> 0.48822733 | H9: =$B$24/SQRT($I$24)*(SQRT(I9)-SQRT(I8)) -> 0.30400805 | I9: =D9 -> 50330 | J9: =E9 -> 25500000 | K9: =J9 -> 25500000 | L9: =K9/I9 -> 506.65607
A10: 09/14/2022 1745 | B10: 9 | C10: Undetermined | D10: 63776 | E10: 31500000 | F10: =I10-I9 -> 13446 | G10: =$B$24/$I$24*(F10) -> 4.0274262 | H10: =$B$24/SQRT($I$24)*(SQRT(I10)-SQRT(I9)) -> 2.3402529 | I10: =D10 -> 63776 | J10: =E10 -> 31500000 | K10: =J10 -> 31500000 | L10: =K10/I10 -> 493.91621
A11: 09/16/2022 0530 | B11: 10 | C11: Undetermined | D11: 69908 | E11: 44500000 | F11: =I11-I10 -> 6132 | G11: =$B$24/$I$24*(F11) -> 1.8366932 | H11: =$B$24/SQRT($I$24)*(SQRT(I11)-SQRT(I10)) -> 0.98456162 | I11: =D11 -> 69908 | J11: =E11 -> 44500000 | K11: =J11 -> 44500000 | L11: =K11/I11 -> 636.5509
A12: 09/17/2022 0500 | B12: 11 | C12: Undetermined | D12: 71292 | E12: 56000000 | F12: =I12-I11 -> 1384 | G12: =$B$24/$I$24*(F12) -> 0.41454394 | H12: =$B$24/SQRT($I$24)*(SQRT(I12)-SQRT(I11)) -> 0.21616736 | I12: =D12 -> 71292 | J12: =E12 -> 56000000 | K12: =J12 -> 56000000 | L12: =K12/I12 -> 785.50188
A13: 09/18/2022 0500 | B13: 12 | C13: Undetermined | D13: 74748 | E13: 62000000 | F13: =I13-I12 -> 3456 | G13: =$B$24/$I$24*(F13) -> 1.0351617 | H13: =$B$24/SQRT($I$24)*(SQRT(I13)-SQRT(I12)) -> 0.53080425 | I13: =D13 -> 74748 | J13: =E13 -> 62000000 | K13: =J13 -> 62000000 | L13: =K13/I13 -> 829.45363
A14: 09/19/2022 0500 | B14: 13 | C14: Undetermined | D14: 76290 | E14: 70000000 | F14: =I14-I13 -> 1542 | G14: =$B$24/$I$24*(F14) -> 0.46186904 | H14: =$B$24/SQRT($I$24)*(SQRT(I14)-SQRT(I13)) -> 0.23286975 | I14: =D14 -> 76290 | J14: =E14 -> 70000000 | K14: =J14 -> 70000000 | L14: =K14/I14 -> 917.55145
... A48: 10/23/2022 1730 | B48: 47 | C48: Undetermined | D48: 76788 | E48: 181100000 | F48: =I48-I47 -> 0 | G48: =$B$24/$I$24*(F48) -> 0 | H48: =$B$24/SQRT($I$24)*(SQRT(I48)-SQRT(I47)) -> 0 | I48: =D48 -> 76788 | J48: =E48 -> 181100000 | K48: =J48 -> 181100000 | L48: =K48/I48 -> 2358.4414

Sheet GooseCreekXLF(21)
A1: Date | B1: Fire Day | C1: Cause | D1: Acres | E1: Cost | F1: growth | G1: As | H1: Ls | I1: Best | J1: ICS 209 Cost | K1: Real Cost (Adjusted for Inflation) | L1: Cost per day per acre
A2: 43307 | B2: 1 | C2: Lightning/Natural | D2: 12000 | E2: 350000 | F2: =I2-0 -> 12000 | G2: =$B$9/$I$9*(F2) -> 0.72606262 | H2: =$B$9/SQRT($I$9)*(SQRT(I2)-SQRT(0)) -> 2.4100832 | I2: =D2 -> 12000 | J2: =E2 -> 350000 | K2: =J2*'Inflation Rates by Year'!F$2 -> 417509.85 | L2: =K2/I2 -> 34.792488
A3: 43308 | B3: 2 | C3: Lightning/Natural | D3: 25000 | E3: 750000 | F3: =I3-I2 -> 13000 | G3: =$B$9/$I$9*(F3) -> 0.78656784 | H3: =$B$9/SQRT($I$9)*(SQRT(I3)-SQRT(I2)) -> 1.0685723 | I3: =D3 -> 25000 | J3: =E3 -> 750000 | K3: =J3*'Inflation Rates by Year'!F$2 -> 894663.97 | L3: =K3/I3 -> 35.786559
A4: 43310 | B4: 3 | C4: Unknown | D4: 100000 | E4: 750000 | F4: =I4-I3 -> 75000 | G4: =$B$9/$I$9*(F4) -> 4.5378914 | H4: =$B$9/SQRT($I$9)*(SQRT(I4)-SQRT(I3)) -> 3.4786554 | I4: =D4 -> 100000 | J4: =E4 -> 750000 | K4: =J4*'Inflation Rates by Year'!F$2 -> 894663.97 | L4: =K4/I4 -> 8.9466397
A5: 43311 | B5: 4 | C5: Unknown | D5: 118000 | E5: 2000000 | F5: =I5-I4 -> 18000 | G5: =$B$9/$I$9*(F5) -> 1.0890939 | H5: =$B$9/SQRT($I$9)*(SQRT(I5)-SQRT(I4)) -> 0.60026321 | I5: =D5 -> 118000 | J5: =E5 -> 2000000 | K5: =J5*'Inflation Rates by Year'!F$2 -> 2385770.6 | L5: =K5/I5 -> 20.218395
A6: 43312 | B6: 5 | C6: Unknown | D6: 122916 | E6: 3464163 | F6: =I6-I5 -> 4916 | G6: =$B$9/$I$9*(F6) -> 0.29744365 | H6: =$B$9/SQRT($I$9)*(SQRT(I6)-SQRT(I5)) -> 0.15582175 | I6: =D6 -> 122916 | J6: =E6 -> 3464163 | K6: =J6*'Inflation Rates by Year'!F$2 -> 4132349.1 | L6: =K6/I6 -> 33.619294
A7: 43313 | B7: 6 | C7: Unknown | D7: 123975 | E7: 4340117 | F7: =I7-I6 -> 1059 | G7: =$B$9/$I$9*(F7) -> 0.064075026 | H7: =$B$9/SQRT($I$9)*(SQRT(I7)-SQRT(I6)) -> 0.033156657 | I7: =D7 -> 123975 | J7: =E7 -> 4340117 | K7: =J7*'Inflation Rates by Year'!F$2 -> 5177261.7 | L7: =K7/I7 -> 41.76053
A8: 43314 | B8: 7 | C8: Unknown | D8: 127059 | E8: 4982135 | F8: =I8-I7 -> 3084 | G8: =$B$9/$I$9*(F8) -> 0.18659809 | H8: =$B$9/SQRT($I$9)*(SQRT(I8)-SQRT(I7)) -> 0.095759684 | I8: =D8 -> 127059 | J8: =E8 -> 4982135 | K8: =J8*'Inflation Rates by Year'!F$2 -> 5943115.6 | L8: =K8/I8 -> 46.774456
A9: 43315 | B9: 8 | C9: Unknown | D9: 132220 | E9: 5700740 | F9: =I9-I8 -> 5161 | G9: =$B$9/$I$9*(F9) -> 0.31226743 | H9: =$B$9/SQRT($I$9)*(SQRT(I9)-SQRT(I8)) -> 0.15768781 | I9: =D9 -> 132220 | J9: =E9 -> 5700740 | K9: =J9*'Inflation Rates by Year'!F$2 -> 6800328.9 | L9: =K9/I9 -> 51.431923
A10: 43316 | B10: 9 | C10: Unknown | D10: 132220 | E10: 6254981 | F10: =I10-I9 -> 0 | G10: =$B$9/$I$9*(F10) -> 0 | H10: =$B$9/SQRT($I$9)*(SQRT(I10)-SQRT(I9)) -> 0 | I10: =D10 -> 132220 | J10: =E10 -> 6254981 | K10: =J10*'Inflation Rates by Year'!F$2 -> 7461474.8 | L10: =K10/I10 -> 56.432271
A11: 43318 | B11: 10 | C11: Unknown | D11: 132220 | E11: 6300000 | F11: =I11-I10 -> 0 | G11: =$B$9/$I$9*(F11) -> 0 | H11: =$B$9/SQRT($I$9)*(SQRT(I11)-SQRT(I10)) -> 0 | I11: =D11 -> 132220 | J11: =E11 -> 6300000 | K11: =J11*'Inflation Rates by Year'!F$2 -> 7515177.3 | L11: =K11/I11 -> 56.838431
A12: 43319 | B12: 11 | C12: Unknown | D12: 132220 | E12: 7350000 | F12: =I12-I11 -> 0 | G12: =$B$9/$I$9*(F12) -> 0 | H12: =$B$9/SQRT($I$9)*(SQRT(I12)-SQRT(I11)) -> 0 | I12: =D12 -> 132220 | J12: =E12 -> 7350000 | K12: =J12*'Inflation Rates by Year'!F$2 -> 8767706.9 | L12: =K12/I12 -> 66.311503
A13: 43320 | B13: 12 | C13: Unknown | D13: 132220 | E13: 7540000 | F13: =I13-I12 -> 0 | G13: =$B$9/$I$9*(F13) -> 0 | H13: =$B$9/SQRT($I$9)*(SQRT(I13)-SQRT(I12)) -> 0 | I13: =D13 -> 132220 | J13: =E13 -> 7540000 | K13: =J13*'Inflation Rates by Year'!F$2 -> 8994355.1 | L13: =K13/I13 -> 68.025678
A14: 43321 | B14: 13 | C14: Unknown | D14: 132220 | E14: 7754000 | F14: =I14-I13 -> 0 | G14: =$B$9/$I$9*(F14) -> 0 | H14: =$B$9/SQRT($I$9)*(SQRT(I14)-SQRT(I13)) -> 0 | I14: =D14 -> 132220 | J14: =E14 -> 7754000 | K14: =J14*'Inflation Rates by Year'!F$2 -> 9249632.6 | L14: =K14/I14 -> 69.95638

Sheet EvansCanyonXLF(20)
A1: Date | B1: Fire Day | C1: Cause | D1: Acres | E1: Cost | F1: growth | G1: As | H1: Ls | I1: Best | J1: ICS 209 Cost | K1: Real Cost (Adjusted for Inflation) | L1: Cost per day per acre
A2: 44074 | B2: 1 | C2: Unknown | D2: 12900 | E2: 360000 | F2: =I2-0 -> 12900 | G2: =$B$15/$I$15*(F2) -> 2.3820515 | H2: =$B$15/SQRT($I$15)*(SQRT(I2)-SQRT(0)) -> 5.7748352 | I2: =D2 -> 12900 | J2: =E2 -> 360000 | K2: =J2*'Inflation Rates by Year'!$D$2 -> 411958.48 | L2: =K2/I2 -> 31.934766
A3: 44075 | B3: 2 | C3: Unknown | D3: 34775 | E3: 1000000 | F3: =I3-I2 -> 21875 | G3: =$B$15/$I$15*(F3) -> 4.0393315 | H3: =$B$15/SQRT($I$15)*(SQRT(I3)-SQRT(I2)) -> 3.7066923 | I3: =D3 -> 34775 | J3: =E3 -> 1000000 | K3: =J3*'Inflation Rates by Year'!$D$2 -> 1144329.1 | L3: =K3/I3 -> 32.906661
A4: 44076 | B4: 3 | C4: Unknown | D4: 57550 | E4: 2600000 | F4: =I4-I3 -> 22775 | G4: =$B$15/$I$15*(F4) -> 4.2055212 | H4: =$B$15/SQRT($I$15)*(SQRT(I4)-SQRT(I3)) -> 2.7158763 | I4: =D4 -> 57550 | J4: =E4 -> 2600000 | K4: =J4*'Inflation Rates by Year'!$D$2 -> 2975255.7 | L4: =K4/I4 -> 51.698622
A5: 44077 | B5: 4 | C5: Unknown | D5: 73868 | E5: 4000000 | F5: =I5-I4 -> 16318 | G5: =$B$15/$I$15*(F5) -> 3.0132028 | H5: =$B$15/SQRT($I$15)*(SQRT(I5)-SQRT(I4)) -> 1.6214782 | I5: =D5 -> 73868 | J5: =E5 -> 4000000 | K5: =J5*'Inflation Rates by Year'!$D$2 -> 4577316.5 | L5: =K5/I5 -> 61.966162
A6: 44078 | B6: 5 | C6: Unknown | D6: 75817 | E6: 6300000 | F6: =I6-I5 -> 1949 | G6: =$B$15/$I$15*(F6) -> 0.3598929 | H6: =$B$15/SQRT($I$15)*(SQRT(I6)-SQRT(I5)) -> 0.18111801 | I6: =D6 -> 75817 | J6: =E6 -> 6300000 | K6: =J6*'Inflation Rates by Year'!$D$2 -> 7209273.5 | L6: =K6/I6 -> 95.087823
A7: 44079 | B7: 6 | C7: Unknown | D7: 75817 | E7: 7400000 | F7: =I7-I6 -> 0 | G7: =$B$15/$I$15*(F7) -> 0 | H7: =$B$15/SQRT($I$15)*(SQRT(I7)-SQRT(I6)) -> 0 | I7: =D7 -> 75817 | J7: =E7 -> 7400000 | K7: =J7*'Inflation Rates by Year'!$D$2 -> 8468035.5 | L7: =K7/I7 -> 111.69046
A8: 44080 | B8: 7 | C8: Unknown | D8: 75817 | E8: 8400000 | F8: =I8-I7 -> 0 | G8: =$B$15/$I$15*(F8) -> 0 | H8: =$B$15/SQRT($I$15)*(SQRT(I8)-SQRT(I7)) -> 0 | I8: =D8 -> 75817 | J8: =E8 -> 8400000 | K8: =J8*'Inflation Rates by Year'!$D$2 -> 9612364.6 | L8: =K8/I8 -> 126.78376
A9: 44081 | B9: 8 | C9: Unknown | D9: 75817 | E9: 9200000 | F9: =I9-I8 -> 0 | G9: =$B$15/$I$15*(F9) -> 0 | H9: =$B$15/SQRT($I$15)*(SQRT(I9)-SQRT(I8)) -> 0 | I9: =D9 -> 75817 | J9: =E9 -> 9200000 | K9: =J9*'Inflation Rates by Year'!$D$2 -> 10527828 | L9: =K9/I9 -> 138.85841
A10: 44082 | B10: 9 | C10: Unknown | D10: 75817 | E10: 9700000 | F10: =I10-I9 -> 0 | G10: =$B$15/$I$15*(F10) -> 0 | H10: =$B$15/SQRT($I$15)*(SQRT(I10)-SQRT(I9)) -> 0 | I10: =D10 -> 75817 | J10: =E10 -> 9700000 | K10: =J10*'Inflation Rates by Year'!$D$2 -> 11099992 | L10: =K10/I10 -> 146.40506
A11: 44084 | B11: 10 | C11: Unknown | D11: 75817 | E11: 9750000 | F11: =I11-I10 -> 0 | G11: =$B$15/$I$15*(F11) -> 0 | H11: =$B$15/SQRT($I$15)*(SQRT(I11)-SQRT(I10)) -> 0 | I11: =D11 -> 75817 | J11: =E11 -> 9750000 | K11: =J11*'Inflation Rates by Year'!$D$2 -> 11157209 | L11: =K11/I11 -> 147.15973
A12: 44085 | B12: 11 | C12: Unknown | D12: 75817 | E12: 10100000 | F12: =I12-I11 -> 0 | G12: =$B$15/$I$15*(F12) -> 0 | H12: =$B$15/SQRT($I$15)*(SQRT(I12)-SQRT(I11)) -> 0 | I12: =D12 -> 75817 | J12: =E12 -> 10100000 | K12: =J12*'Inflation Rates by Year'!$D$2 -> 11557724 | L12: =K12/I12 -> 152.44238
A13: 44086 | B13: 12 | C13: Unknown | D13: 75817 | E13: 10100000 | F13: =I13-I12 -> 0 | G13: =$B$15/$I$15*(F13) -> 0 | H13: =$B$15/SQRT($I$15)*(SQRT(I13)-SQRT(I12)) -> 0 | I13: =D13 -> 75817 | J13: =E13 -> 10100000 | K13: =J13*'Inflation Rates by Year'!$D$2 -> 11557724 | L13: =K13/I13 -> 152.44238
A14: 44087 | B14: 13 | C14: Unknown | D14: 75817 | E14: 11000000 | F14: =I14-I13 -> 0 | G14: =$B$15/$I$15*(F14) -> 0 | H14: =$B$15/SQRT($I$15)*(SQRT(I14)-SQRT(I13)) -> 0 | I14: =D14 -> 75817 | J14: =E14 -> 11000000 | K14: =J14*'Inflation Rates by Year'!$D$2 -> 12587620 | L14: =K14/I14 -> 166.02636
... A16: 44099 | B16: 15 | C16: Unknown | D16: 75817 | E16: 11200000 | F16: =I16-I15 -> 0 | G16: =$B$15/$I$15*(F16) -> 0 | H16: =$B$15/SQRT($I$15)*(SQRT(I16)-SQRT(I15)) -> 0 | I16: =D16 -> 75817 | J16: =E16 -> 11200000 | K16: =J16*'Inflation Rates by Year'!$D$2 -> 12816486 | L16: =K16/I16 -> 169.04502

Sheet RafaelXLF(19)
A1: Date | B1: Fire Day | C1: Cause | D1: Acres | E1: Cost | F1: growth | G1: As | H1: Ls | I1: Best | J1: ICS 209 Cost | K1: Real Cost (Adjusted for Inflation) | L1: Cost per day per acre
A2: 44367 | B2: 1 | C2: Lightning/Natural | D2: 1000 | E2: 100000 | F2: =I2-0 -> 1000 | G2: =$B$17/$I$17*(F2) -> 0.20495741 | H2: =$B$17/SQRT($I$17)*(SQRT(I2)-SQRT(0)) -> 1.8108889 | I2: =D2 -> 1000 | J2: =E2 -> 100000 | K2: =J2*'Inflation Rates by Year'!$C$2 -> 113076 | L2: =K2/I2 -> 113.076
A3: 44368 | B3: 2 | C3: Undetermined | D3: 24191 | E3: 290000 | F3: =I3-I2 -> 23191 | G3: =$B$17/$I$17*(F3) -> 4.7531672 | H3: =$B$17/SQRT($I$17)*(SQRT(I3)-SQRT(I2)) -> 7.0958498 | I3: =D3 -> 24191 | J3: =E3 -> 290000 | K3: =J3*'Inflation Rates by Year'!$C$2 -> 327920.4 | L3: =K3/I3 -> 13.555471
A4: 44369 | B4: 3 | C4: Undetermined | D4: 36000 | E4: 380000 | F4: =I4-I3 -> 11809 | G4: =$B$17/$I$17*(F4) -> 2.420342 | H4: =$B$17/SQRT($I$17)*(SQRT(I4)-SQRT(I3)) -> 1.9585946 | I4: =D4 -> 36000 | J4: =E4 -> 380000 | K4: =J4*'Inflation Rates by Year'!$C$2 -> 429688.8 | L4: =K4/I4 -> 11.9358
A5: 44370 | B5: 4 | C5: Undetermined | D5: 36148 | E5: 1153946 | F5: =I5-I4 -> 148 | G5: =$B$17/$I$17*(F5) -> 0.030333696 | H5: =$B$17/SQRT($I$17)*(SQRT(I5)-SQRT(I4)) -> 0.022311388 | I5: =D5 -> 36148 | J5: =E5 -> 1153946 | K5: =J5*'Inflation Rates by Year'!$C$2 -> 1304836 | L5: =K5/I5 -> 36.097045
A6: 44371 | B6: 5 | C6: Undetermined | D6: 43612 | E6: 2193153 | F6: =I6-I5 -> 7464 | G6: =$B$17/$I$17*(F6) -> 1.5298021 | H6: =$B$17/SQRT($I$17)*(SQRT(I6)-SQRT(I5)) -> 1.0713536 | I6: =D6 -> 43612 | J6: =E6 -> 2193153 | K6: =J6*'Inflation Rates by Year'!$C$2 -> 2479929.7 | L6: =K6/I6 -> 56.863471
A7: 44372 | B7: 6 | C7: Undetermined | D7: 53664 | E7: 3778363 | F7: =I7-I6 -> 10052 | G7: =$B$17/$I$17*(F7) -> 2.0602319 | H7: =$B$17/SQRT($I$17)*(SQRT(I7)-SQRT(I6)) -> 1.306798 | I7: =D7 -> 53664 | J7: =E7 -> 3778363 | K7: =J7*'Inflation Rates by Year'!$C$2 -> 4272421.7 | L7: =K7/I7 -> 79.614299
A8: 44373 | B8: 7 | C8: Undetermined | D8: 76322 | E8: 4863819 | F8: =I8-I7 -> 22658 | G8: =$B$17/$I$17*(F8) -> 4.6439249 | H8: =$B$17/SQRT($I$17)*(SQRT(I8)-SQRT(I7)) -> 2.5545751 | I8: =D8 -> 76322 | J8: =E8 -> 4863819 | K8: =J8*'Inflation Rates by Year'!$C$2 -> 5499812 | L8: =K8/I8 -> 72.060637
A9: 44374 | B9: 8 | C9: Undetermined | D9: 77102 | E9: 5761896 | F9: =I9-I8 -> 780 | G9: =$B$17/$I$17*(F9) -> 0.15986678 | H9: =$B$17/SQRT($I$17)*(SQRT(I9)-SQRT(I8)) -> 0.080635477 | I9: =D9 -> 77102 | J9: =E9 -> 5761896 | K9: =J9*'Inflation Rates by Year'!$C$2 -> 6515321.5 | L9: =K9/I9 -> 84.502627
A10: 44375 | B10: 9 | C10: Undetermined | D10: 78709 | E10: 6611766 | F10: =I10-I9 -> 1607 | G10: =$B$17/$I$17*(F10) -> 0.32936655 | H10: =$B$17/SQRT($I$17)*(SQRT(I10)-SQRT(I9)) -> 0.16485396 | I10: =D10 -> 78709 | J10: =E10 -> 6611766 | K10: =J10*'Inflation Rates by Year'!$C$2 -> 7476320.5 | L10: =K10/I10 -> 94.986857
A11: 44376 | B11: 10 | C11: Lightning/Natural | D11: 78709 | E11: 7541963 | F11: =I11-I10 -> 0 | G11: =$B$17/$I$17*(F11) -> 0 | H11: =$B$17/SQRT($I$17)*(SQRT(I11)-SQRT(I10)) -> 0 | I11: =D11 -> 78709 | J11: =E11 -> 7541963 | K11: =J11*'Inflation Rates by Year'!$C$2 -> 8528150.1 | L11: =K11/I11 -> 108.35038
A12: 44377 | B12: 11 | C12: Lightning/Natural | D12: 78065 | E12: 8127356 | F12: =I12-I11 -> -644 | G12: =$B$17/$I$17*(F12) -> -0.13199257 | H12: =$B$17/SQRT($I$17)*(SQRT(I12)-SQRT(I11)) -> -0.065860734 | I12: =D12 -> 78065 | J12: =E12 -> 8127356 | K12: =J12*'Inflation Rates by Year'!$C$2 -> 9190089.1 | L12: =K12/I12 -> 117.72355
A13: 44378 | B13: 12 | C13: Lightning/Natural | D13: 78065 | E13: 9108000 | F13: =I13-I12 -> 0 | G13: =$B$17/$I$17*(F13) -> 0 | H13: =$B$17/SQRT($I$17)*(SQRT(I13)-SQRT(I12)) -> 0 | I13: =D13 -> 78065 | J13: =E13 -> 9108000 | K13: =J13*'Inflation Rates by Year'!$C$2 -> 10298962 | L13: =K13/I13 -> 131.92804
A14: 44379 | B14: 13 | C14: Lightning/Natural | D14: 78065 | E14: 9550000 | F14: =I14-I13 -> 0 | G14: =$B$17/$I$17*(F14) -> 0 | H14: =$B$17/SQRT($I$17)*(SQRT(I14)-SQRT(I13)) -> 0 | I14: =D14 -> 78065 | J14: =E14 -> 9550000 | K14: =J14*'Inflation Rates by Year'!$C$2 -> 10798758 | L14: =K14/I14 -> 138.33034
... A23: 44390 | B23: 22 | C23: Lightning/Natural | D23: 78065 | E23: 11000000 | F23: =I23-I22 -> 0 | G23: =$B$17/$I$17*(F23) -> 0 | H23: =$B$17/SQRT($I$17)*(SQRT(I23)-SQRT(I22)) -> 0 | I23: =D23 -> 78065 | J23: =E23 -> 11000000 | K23: =J23*'Inflation Rates by Year'!$C$2 -> 12438360 | L23: =K23/I23 -> 159.33338

Sheet EastForkXLF(18)
A1: Date | B1: Fire Day | C1: Cause | D1: Acres | E1: Cost | F1: growth | G1: As | H1: Ls | I1: Best | J1: ICS 209 Cost | K1: Real Cost (Adjusted for Inflation) | L1: Cost per day per acre
A2: 44065 | B2: 1 | C2: Lightning/Natural | D2: 338 | E2: 200000 | F2: =I2-0 -> 338 | G2: =$B$24/$I$24*(F2) -> 4.6218787 | H2: =$B$4/SQRT($I$4)*(SQRT(I2)-SQRT(0)) -> 1.4240786 | I2: =D2 -> 338 | J2: =E2 -> 200000 | K2: =J2*'Inflation Rates by Year'!$D$2 -> 228865.82 | L2: =K2/I2 -> 677.11782
A3: 44069 | B3: 2 | C3: Lightning/Natural | D3: 338 | E3: 200000 | F3: =I3-I2 -> 0 | G3: =$B$24/$I$24*(F3) -> 0 | H3: =$B$4/SQRT($I$4)*(SQRT(I3)-SQRT(I2)) -> 0 | I3: =D3 -> 338 | J3: =E3 -> 200000 | K3: =J3*'Inflation Rates by Year'!$D$2 -> 228865.82 | L3: =K3/I3 -> 677.11782
A4: 44070 | B4: 3 | C4: Lightning/Natural | D4: 1500 | E4: 500000 | F4: =I4-I3 -> 1162 | G4: =$B$24/$I$24*(F4) -> 15.889417 | H4: =$B$4/SQRT($I$4)*(SQRT(I4)-SQRT(I3)) -> 1.5759214 | I4: =D4 -> 1500 | J4: =E4 -> 500000 | K4: =J4*'Inflation Rates by Year'!$D$2 -> 572164.56 | L4: =K4/I4 -> 381.44304
A5: 44071 | B5: 4 | C5: Lightning/Natural | D5: 1680 | E5: 400000 | F5: =I5-I4 -> 180 | G5: =$B$24/$I$24*(F5) -> 2.4613555 | H5: =$B$4/SQRT($I$4)*(SQRT(I5)-SQRT(I4)) -> 0.17490157 | I5: =D5 -> 1680 | J5: =E5 -> 400000 | K5: =J5*'Inflation Rates by Year'!$D$2 -> 457731.65 | L5: =K5/I5 -> 272.45931
A6: 44072 | B6: 5 | C6: Lightning/Natural | D6: 1680 | E6: 450000 | F6: =I6-I5 -> 0 | G6: =$B$24/$I$24*(F6) -> 0 | H6: =$B$4/SQRT($I$4)*(SQRT(I6)-SQRT(I5)) -> 0 | I6: =D6 -> 1680 | J6: =E6 -> 450000 | K6: =J6*'Inflation Rates by Year'!$D$2 -> 514948.1 | L6: =K6/I6 -> 306.51673
A7: 44073 | B7: 6 | C7: Lightning/Natural | D7: 1680 | E7: 500000 | F7: =I7-I6 -> 0 | G7: =$B$24/$I$24*(F7) -> 0 | H7: =$B$4/SQRT($I$4)*(SQRT(I7)-SQRT(I6)) -> 0 | I7: =D7 -> 1680 | J7: =E7 -> 500000 | K7: =J7*'Inflation Rates by Year'!$D$2 -> 572164.56 | L7: =K7/I7 -> 340.57414
A8: 44074 | B8: 7 | C8: Lightning/Natural | D8: 1680 | E8: 525000 | F8: =I8-I7 -> 0 | G8: =$B$24/$I$24*(F8) -> 0 | H8: =$B$4/SQRT($I$4)*(SQRT(I8)-SQRT(I7)) -> 0 | I8: =D8 -> 1680 | J8: =E8 -> 525000 | K8: =J8*'Inflation Rates by Year'!$D$2 -> 600772.79 | L8: =K8/I8 -> 357.60285
A9: 44075 | B9: 8 | C9: Lightning/Natural | D9: 1680 | E9: 550000 | F9: =I9-I8 -> 0 | G9: =$B$24/$I$24*(F9) -> 0 | H9: =$B$4/SQRT($I$4)*(SQRT(I9)-SQRT(I8)) -> 0 | I9: =D9 -> 1680 | J9: =E9 -> 550000 | K9: =J9*'Inflation Rates by Year'!$D$2 -> 629381.02 | L9: =K9/I9 -> 374.63156
A10: 44076 | B10: 9 | C10: Lightning/Natural | D10: 1681 | E10: 575000 | F10: =I10-I9 -> 1 | G10: =$B$24/$I$24*(F10) -> 0.013674197 | H10: =$B$4/SQRT($I$4)*(SQRT(I10)-SQRT(I9)) -> 0.00094477061 | I10: =D10 -> 1681 | J10: =E10 -> 575000 | K10: =J10*'Inflation Rates by Year'!$D$2 -> 657989.24 | L10: =K10/I10 -> 391.42727
A11: 44077 | B11: 10 | C11: Lightning/Natural | D11: 1681 | E11: 600000 | F11: =I11-I10 -> 0 | G11: =$B$24/$I$24*(F11) -> 0 | H11: =$B$4/SQRT($I$4)*(SQRT(I11)-SQRT(I10)) -> 0 | I11: =D11 -> 1681 | J11: =E11 -> 600000 | K11: =J11*'Inflation Rates by Year'!$D$2 -> 686597.47 | L11: =K11/I11 -> 408.44585
A12: 44078 | B12: 11 | C12: Lightning/Natural | D12: 1681 | E12: 625000 | F12: =I12-I11 -> 0 | G12: =$B$24/$I$24*(F12) -> 0 | H12: =$B$4/SQRT($I$4)*(SQRT(I12)-SQRT(I11)) -> 0 | I12: =D12 -> 1681 | J12: =E12 -> 625000 | K12: =J12*'Inflation Rates by Year'!$D$2 -> 715205.7 | L12: =K12/I12 -> 425.46443
A13: 44079 | B13: 12 | C13: Lightning/Natural | D13: 1682 | E13: 650000 | F13: =I13-I12 -> 1 | G13: =$B$24/$I$24*(F13) -> 0.013674197 | H13: =$B$4/SQRT($I$4)*(SQRT(I13)-SQRT(I12)) -> 0.00094448964 | I13: =D13 -> 1682 | J13: =E13 -> 650000 | K13: =J13*'Inflation Rates by Year'!$D$2 -> 743813.93 | L13: =K13/I13 -> 442.21993
A14: 44080 | B14: 13 | C14: Lightning/Natural | D14: 1682 | E14: 675000 | F14: =I14-I13 -> 0 | G14: =$B$24/$I$24*(F14) -> 0 | H14: =$B$4/SQRT($I$4)*(SQRT(I14)-SQRT(I13)) -> 0 | I14: =D14 -> 1682 | J14: =E14 -> 675000 | K14: =J14*'Inflation Rates by Year'!$D$2 -> 772422.16 | L14: =K14/I14 -> 459.22839
... A28: 44098 | B28: 27 | C28: Lightning/Natural | D28: 1682 | E28: 685000 | F28: =I28-I27 -> 0 | G28: =$B$24/$I$24*(F28) -> 0 | H28: =$B$4/SQRT($I$4)*(SQRT(I28)-SQRT(I27)) -> 0 | I28: =D28 -> 1682 | J28: =E28 -> 685000 | K28: =J28*'Inflation Rates by Year'!$D$2 -> 783865.45 | L28: =K28/I28 -> 466.03178

Sheet CaldwellXLF(17)
A1: Date | B1: Fire Day | C1: Cause | D1: Acres | E1: Cost | F1: growth | G1: As | H1: Ls | I1: Best | J1: ICS 209 Cost | K1: Real Cost (Adjusted for Inflation) | L1: Cost per day per acre
A2: 44034 | B2: 1 | C2: Lightning/Natural | D2: 12000 | E2: 100000 | F2: =I2-0 -> 12000 | G2: =$B$4/$I$4*(F2) -> 0.44521946 | H2: =$B$4/SQRT($I$4)*(SQRT(I2)-SQRT(0)) -> 1.1557069 | I2: =D2 -> 12000 | J2: =E2 -> 100000 | K2: =J2*'Inflation Rates by Year'!$D$2 -> 114432.91 | L2: =K2/I2 -> 9.536076
A3: 44035 | B3: 2 | C3: Unknown | D3: 2000 | E3: 100000 | F3: =I3-I2 -> -10000 | G3: =$B$4/$I$4*(F3) -> -0.37101621 | H3: =$B$4/SQRT($I$4)*(SQRT(I3)-SQRT(I2)) -> -0.68389152 | I3: =D3 -> 2000 | J3: =E3 -> 100000 | K3: =J3*'Inflation Rates by Year'!$D$2 -> 114432.91 | L3: =K3/I3 -> 57.216456
A4: 44036 | B4: 3 | C4: Unknown | D4: 80859 | E4: 34500000 | F4: =I4-I3 -> 78859 | G4: =$B$4/$I$4*(F4) -> 2.9257968 | H4: =$B$4/SQRT($I$4)*(SQRT(I4)-SQRT(I3)) -> 2.5281846 | I4: =D4 -> 80859 | J4: =E4 -> 34500000 | K4: =J4*'Inflation Rates by Year'!$D$2 -> 39479355 | L4: =K4/I4 -> 488.24936

Sheet DiamondCreekXLF(16)
A1: Date | B1: Fire Day | C1: Cause | D1: Acres | E1: Cost | F1: growth | G1: As | H1: Ls | I1: Best | J1: ICS 209 Cost | K1: Real Cost (Adjusted for Inflation) | L1: Cost per day per acre
A2: 42939 | B2: 1 | C2: Unknown | D2: 223 | E2: 50000 | F2: =I2-0 -> 223 | G2: =$B$54/$I$54*(F2) -> 0.09214014 | H2: =$B$54/SQRT($I$54)*(SQRT(I2)-SQRT(0)) -> 2.2098478 | I2: =D2 -> 223 | J2: =E2 -> 50000 | K2: =J2*'Inflation Rates by Year'!$G$2 -> 60896.794 | L2: =K2/I2 -> 273.07979
A3: 42944 | B3: 2 | C3: Unknown | D3: 2710 | E3: 250000 | F3: =I3-I2 -> 2487 | G3: =$B$54/$I$54*(F3) -> 1.0275898 | H3: =$B$54/SQRT($I$54)*(SQRT(I3)-SQRT(I2)) -> 5.4937674 | I3: =D3 -> 2710 | J3: =E3 -> 250000 | K3: =J3*'Inflation Rates by Year'!$G$2 -> 304483.97 | L3: =K3/I3 -> 112.35571
A4: 42945 | B4: 3 | C4: Unknown | D4: 4285 | E4: 300000 | F4: =I4-I3 -> 1575 | G4: =$B$54/$I$54*(F4) -> 0.65076556 | H4: =$B$54/SQRT($I$54)*(SQRT(I4)-SQRT(I3)) -> 1.9832967 | I4: =D4 -> 4285 | J4: =E4 -> 300000 | K4: =J4*'Inflation Rates by Year'!$G$2 -> 365380.77 | L4: =K4/I4 -> 85.269724
A5: 42946 | B5: 4 | C5: Unknown | D5: 4690 | E5: 460000 | F5: =I5-I4 -> 405 | G5: =$B$54/$I$54*(F5) -> 0.16733972 | H5: =$B$54/SQRT($I$54)*(SQRT(I5)-SQRT(I4)) -> 0.44744881 | I5: =D5 -> 4690 | J5: =E5 -> 460000 | K5: =J5*'Inflation Rates by Year'!$G$2 -> 560250.51 | L5: =K5/I5 -> 119.4564
A6: 42947 | B6: 5 | C6: Unknown | D6: 4690 | E6: 460000 | F6: =I6-I5 -> 0 | G6: =$B$54/$I$54*(F6) -> 0 | H6: =$B$54/SQRT($I$54)*(SQRT(I6)-SQRT(I5)) -> 0 | I6: =D6 -> 4690 | J6: =E6 -> 460000 | K6: =J6*'Inflation Rates by Year'!$G$2 -> 560250.51 | L6: =K6/I6 -> 119.4564
A7: 42948 | B7: 6 | C7: Human | D7: 7100 | E7: 789000 | F7: =I7-I6 -> 2410 | G7: =$B$54/$I$54*(F7) -> 0.9957746 | H7: =$B$54/SQRT($I$54)*(SQRT(I7)-SQRT(I6)) -> 2.3348542 | I7: =D7 -> 7100 | J7: =E7 -> 789000 | K7: =J7*'Inflation Rates by Year'!$G$2 -> 960951.41 | L7: =K7/I7 -> 135.34527
A8: 42949 | B8: 7 | C8: Human | D8: 8214 | E8: 945000 | F8: =I8-I7 -> 1114 | G8: =$B$54/$I$54*(F8) -> 0.46028751 | H8: =$B$54/SQRT($I$54)*(SQRT(I8)-SQRT(I7)) -> 0.94259178 | I8: =D8 -> 8214 | J8: =E8 -> 945000 | K8: =J8*'Inflation Rates by Year'!$G$2 -> 1150949.4 | L8: =K8/I8 -> 140.12045
A9: 42950 | B9: 8 | C9: Human | D9: 8742 | E9: 1118000 | F9: =I9-I8 -> 528 | G9: =$B$54/$I$54*(F9) -> 0.21816141 | H9: =$B$54/SQRT($I$54)*(SQRT(I9)-SQRT(I8)) -> 0.42434571 | I9: =D9 -> 8742 | J9: =E9 -> 1118000 | K9: =J9*'Inflation Rates by Year'!$G$2 -> 1361652.3 | L9: =K9/I9 -> 155.75982
A10: 42951 | B10: 9 | C10: Human | D10: 8742 | E10: 1118000 | F10: =I10-I9 -> 0 | G10: =$B$54/$I$54*(F10) -> 0 | H10: =$B$54/SQRT($I$54)*(SQRT(I10)-SQRT(I9)) -> 0 | I10: =D10 -> 8742 | J10: =E10 -> 1118000 | K10: =J10*'Inflation Rates by Year'!$G$2 -> 1361652.3 | L10: =K10/I10 -> 155.75982
A11: 42952 | B11: 10 | C11: Human | D11: 9486 | E11: 1695000 | F11: =I11-I10 -> 744 | G11: =$B$54/$I$54*(F11) -> 0.30740926 | H11: =$B$54/SQRT($I$54)*(SQRT(I11)-SQRT(I10)) -> 0.57675167 | I11: =D11 -> 9486 | J11: =E11 -> 1695000 | K11: =J11*'Inflation Rates by Year'!$G$2 -> 2064401.3 | L11: =K11/I11 -> 217.62611
A12: 42953 | B12: 11 | C12: Human | D12: 9905 | E12: 1985000 | F12: =I12-I11 -> 419 | G12: =$B$54/$I$54*(F12) -> 0.1731243 | H12: =$B$54/SQRT($I$54)*(SQRT(I12)-SQRT(I11)) -> 0.31487212 | I12: =D12 -> 9905 | J12: =E12 -> 1985000 | K12: =J12*'Inflation Rates by Year'!$G$2 -> 2417602.7 | L12: =K12/I12 -> 244.07902
A13: 42954 | B13: 12 | C13: Human | D13: 12525 | E13: 2209000 | F13: =I13-I12 -> 2620 | G13: =$B$54/$I$54*(F13) -> 1.0825433 | H13: =$B$54/SQRT($I$54)*(SQRT(I13)-SQRT(I12)) -> 1.8336908 | I13: =D13 -> 12525 | J13: =E13 -> 2209000 | K13: =J13*'Inflation Rates by Year'!$G$2 -> 2690420.4 | L13: =K13/I13 -> 214.80402
A14: 42955 | B14: 13 | C14: Human | D14: 12525 | E14: 2455000 | F14: =I14-I13 -> 0 | G14: =$B$54/$I$54*(F14) -> 0 | H14: =$B$54/SQRT($I$54)*(SQRT(I14)-SQRT(I13)) -> 0 | I14: =D14 -> 12525 | J14: =E14 -> 2455000 | K14: =J14*'Inflation Rates by Year'!$G$2 -> 2990032.6 | L14: =K14/I14 -> 238.72516
... A56: 43013 | B56: 55 | C56: Unknown | D56: 128272 | E56: 14760000 | F56: =I56-I55 -> 0 | G56: =$B$54/$I$54*(F56) -> 0 | H56: =$B$54/SQRT($I$54)*(SQRT(I56)-SQRT(I55)) -> 0 | I56: =D56 -> 128272 | J56: =E56 -> 14760000 | K56: =J56*'Inflation Rates by Year'!$G$2 -> 17976734 | L56: =K56/I56 -> 140.14542

Sheet HighlineXLF(13)
A1: Date | B1: Fire Day | C1: Cause | D1: Acres | E1: Cost | F1: growth | G1: As | H1: Ls | I1: Best | J1: ICS 209 Cost | K1: Real Cost (Adjusted for Inflation) | L1: Cost per day per acre
A2: 42947 | B2: 1 | C2: Lightning/Natural | D2: 600 | E2: 5000 | F2: =I2-0 -> 600 | G2: =$B$37/$I$37*(F2) -> 0.25828052 | H2: =$B$37/SQRT($I$37)*(SQRT(I2)-SQRT(0)) -> 3.0492784 | I2: =D2 -> 600 | J2: =E2 -> 5000 | K2: =J2*'Inflation Rates by Year'!$G$2 -> 6089.6794 | L2: =K2/I2 -> 10.149466
A3: 42948 | B3: 2 | C3: Lightning/Natural | D3: 1000 | E3: 7000 | F3: =I3-I2 -> 400 | G3: =$B$37/$I$37*(F3) -> 0.17218701 | H3: =$B$37/SQRT($I$37)*(SQRT(I3)-SQRT(I2)) -> 0.88732309 | I3: =D3 -> 1000 | J3: =E3 -> 7000 | K3: =J3*'Inflation Rates by Year'!$G$2 -> 8525.5512 | L3: =K3/I3 -> 8.5255512
A4: 42950 | B4: 3 | C4: Lightning/Natural | D4: 2300 | E4: 15000 | F4: =I4-I3 -> 1300 | G4: =$B$37/$I$37*(F4) -> 0.5596078 | H4: =$B$37/SQRT($I$37)*(SQRT(I4)-SQRT(I3)) -> 2.0335503 | I4: =D4 -> 2300 | J4: =E4 -> 15000 | K4: =J4*'Inflation Rates by Year'!$G$2 -> 18269.038 | L4: =K4/I4 -> 7.9430601
A5: 42952 | B5: 4 | C5: Lightning/Natural | D5: 2796 | E5: 25000 | F5: =I5-I4 -> 496 | G5: =$B$37/$I$37*(F5) -> 0.2135119 | H5: =$B$37/SQRT($I$37)*(SQRT(I5)-SQRT(I4)) -> 0.61233564 | I5: =D5 -> 2796 | J5: =E5 -> 25000 | K5: =J5*'Inflation Rates by Year'!$G$2 -> 30448.397 | L5: =K5/I5 -> 10.889985
A6: 42953 | B6: 5 | C6: Lightning/Natural | D6: 4500 | E6: 45000 | F6: =I6-I5 -> 1704 | G6: =$B$37/$I$37*(F6) -> 0.73351668 | H6: =$B$37/SQRT($I$37)*(SQRT(I6)-SQRT(I5)) -> 1.7683054 | I6: =D6 -> 4500 | J6: =E6 -> 45000 | K6: =J6*'Inflation Rates by Year'!$G$2 -> 54807.115 | L6: =K6/I6 -> 12.179359
A7: 42954 | B7: 6 | C7: Lightning/Natural | D7: 4500 | E7: 76000 | F7: =I7-I6 -> 0 | G7: =$B$37/$I$37*(F7) -> 0 | H7: =$B$37/SQRT($I$37)*(SQRT(I7)-SQRT(I6)) -> 0 | I7: =D7 -> 4500 | J7: =E7 -> 76000 | K7: =J7*'Inflation Rates by Year'!$G$2 -> 92563.127 | L7: =K7/I7 -> 20.569584
A8: 42955 | B8: 7 | C8: Lightning/Natural | D8: 6800 | E8: 107000 | F8: =I8-I7 -> 2300 | G8: =$B$37/$I$37*(F8) -> 0.99007533 | H8: =$B$37/SQRT($I$37)*(SQRT(I8)-SQRT(I7)) -> 1.9146079 | I8: =D8 -> 6800 | J8: =E8 -> 107000 | K8: =J8*'Inflation Rates by Year'!$G$2 -> 130319.14 | L8: =K8/I8 -> 19.164579
A9: 42956 | B9: 8 | C9: Lightning/Natural | D9: 9150 | E9: 24000 | F9: =I9-I8 -> 2350 | G9: =$B$37/$I$37*(F9) -> 1.0115987 | H9: =$B$37/SQRT($I$37)*(SQRT(I9)-SQRT(I8)) -> 1.6424121 | I9: =D9 -> 9150 | J9: =E9 -> 24000 | K9: =J9*'Inflation Rates by Year'!$G$2 -> 29230.461 | L9: =K9/I9 -> 3.1945859
A10: 42957 | B10: 9 | C10: Lightning/Natural | D10: 9500 | E10: 220000 | F10: =I10-I9 -> 350 | G10: =$B$37/$I$37*(F10) -> 0.15066364 | H10: =$B$37/SQRT($I$37)*(SQRT(I10)-SQRT(I9)) -> 0.22560785 | I10: =D10 -> 9500 | J10: =E10 -> 220000 | K10: =J10*'Inflation Rates by Year'!$G$2 -> 267945.89 | L10: =K10/I10 -> 28.204831
A11: 42958 | B11: 10 | C11: Lightning/Natural | D11: 9500 | E11: 152200 | F11: =I11-I10 -> 0 | G11: =$B$37/$I$37*(F11) -> 0 | H11: =$B$37/SQRT($I$37)*(SQRT(I11)-SQRT(I10)) -> 0 | I11: =D11 -> 9500 | J11: =E11 -> 152200 | K11: =J11*'Inflation Rates by Year'!$G$2 -> 185369.84 | L11: =K11/I11 -> 19.512615
A12: 42960 | B12: 11 | C12: Lightning/Natural | D12: 10230 | E12: 353250 | F12: =I12-I11 -> 730 | G12: =$B$37/$I$37*(F12) -> 0.3142413 | H12: =$B$37/SQRT($I$37)*(SQRT(I12)-SQRT(I11)) -> 0.45755165 | I12: =D12 -> 10230 | J12: =E12 -> 353250 | K12: =J12*'Inflation Rates by Year'!$G$2 -> 430235.85 | L12: =K12/I12 -> 42.05629
A13: 42964 | B13: 12 | C13: Lightning/Natural | D13: 11091 | E13: 393250 | F13: =I13-I12 -> 861 | G13: =$B$37/$I$37*(F13) -> 0.37063255 | H13: =$B$37/SQRT($I$37)*(SQRT(I13)-SQRT(I12)) -> 0.51915185 | I13: =D13 -> 11091 | J13: =E13 -> 393250 | K13: =J13*'Inflation Rates by Year'!$G$2 -> 478953.29 | L13: =K13/I13 -> 43.183959
A14: 42965 | B14: 13 | C14: Lightning/Natural | D14: 13591 | E14: 509080 | F14: =I14-I13 -> 2500 | G14: =$B$37/$I$37*(F14) -> 1.0761688 | H14: =$B$37/SQRT($I$37)*(SQRT(I14)-SQRT(I13)) -> 1.4025404 | I14: =D14 -> 13591 | J14: =E14 -> 509080 | K14: =J14*'Inflation Rates by Year'!$G$2 -> 620026.8 | L14: =K14/I14 -> 45.620396
... A47: 42999 | B47: 46 | C47: Lightning/Natural | D47: 84619 | E47: 2603864 | F47: =I47-I46 -> 0 | G47: =$B$37/$I$37*(F47) -> 0 | H47: =$B$37/SQRT($I$37)*(SQRT(I47)-SQRT(I46)) -> 0 | I47: =D47 -> 84619 | J47: =E47 -> 2603864 | K47: =J47*'Inflation Rates by Year'!$G$2 -> 3171339.4 | L47: =K47/I47 -> 37.477864

Sheet WoodburyXLF(11)
A1: Date | B1: Fire Day | C1: Cause | D1: Acres | E1: Cost | F1: growth | G1: As | H1: Ls | I1: Best | J1: ICS 209 Cost | K1: Real Cost (Adjusted for Inflation) | L1: Cost per day per acre
A2: 43624 | B2: 1 | C2: Unknown | D2: 1000 | E2: 150000 | F2: =I2-0 -> 1000 | G2: =$B$14/$I$14*(F2) -> 0.16261383 | H2: =$B$14/SQRT($I$14)*(SQRT(I2)-SQRT(0)) -> 1.4539532 | I2: =D2 -> 1000 | J2: =E2 -> 150000 | K2: =J2*'Inflation Rates by Year'!$E$2 -> 174739.06 | L2: =K2/I2 -> 174.73906
A3: 43626 | B3: 2 | C3: Unknown | D3: 6000 | E3: 500000 | F3: =I3-I2 -> 5000 | G3: =$B$14/$I$14*(F3) -> 0.81306915 | H3: =$B$14/SQRT($I$14)*(SQRT(I3)-SQRT(I2)) -> 2.1074902 | I3: =D3 -> 6000 | J3: =E3 -> 500000 | K3: =J3*'Inflation Rates by Year'!$E$2 -> 582463.52 | L3: =K3/I3 -> 97.077254
A4: 43627 | B4: 3 | C4: Unknown | D4: 9377 | E4: 525000 | F4: =I4-I3 -> 3377 | G4: =$B$14/$I$14*(F4) -> 0.5491469 | H4: =$B$14/SQRT($I$14)*(SQRT(I4)-SQRT(I3)) -> 0.89083567 | I4: =D4 -> 9377 | J4: =E4 -> 525000 | K4: =J4*'Inflation Rates by Year'!$E$2 -> 611586.7 | L4: =K4/I4 -> 65.222
A5: 43628 | B5: 4 | C5: Unknown | D5: 10801 | E5: 1050440 | F5: =I5-I4 -> 1424 | G5: =$B$14/$I$14*(F5) -> 0.23156209 | H5: =$B$14/SQRT($I$14)*(SQRT(I5)-SQRT(I4)) -> 0.32611984 | I5: =D5 -> 10801 | J5: =E5 -> 1050440 | K5: =J5*'Inflation Rates by Year'!$E$2 -> 1223686 | L5: =K5/I5 -> 113.29377
A6: 43629 | B6: 5 | C6: Unknown | D6: 25893 | E6: 2537597 | F6: =I6-I5 -> 15092 | G6: =$B$14/$I$14*(F6) -> 2.4541679 | H6: =$B$14/SQRT($I$14)*(SQRT(I6)-SQRT(I5)) -> 2.6200658 | I6: =D6 -> 25893 | J6: =E6 -> 2537597 | K6: =J6*'Inflation Rates by Year'!$E$2 -> 2956115.4 | L6: =K6/I6 -> 114.16658
A7: 43630 | B7: 6 | C7: Unknown | D7: 34351 | E7: 3955533 | F7: =I7-I6 -> 8458 | G7: =$B$14/$I$14*(F7) -> 1.3753878 | H7: =$B$14/SQRT($I$14)*(SQRT(I7)-SQRT(I6)) -> 1.123115 | I7: =D7 -> 34351 | J7: =E7 -> 3955533 | K7: =J7*'Inflation Rates by Year'!$E$2 -> 4607907.4 | L7: =K7/I7 -> 134.14187
A8: 43631 | B8: 7 | C8: Unknown | D8: 36490 | E8: 5714342 | F8: =I8-I7 -> 2139 | G8: =$B$14/$I$14*(F8) -> 0.34783098 | H8: =$B$14/SQRT($I$14)*(SQRT(I8)-SQRT(I7)) -> 0.2613084 | I8: =D8 -> 36490 | J8: =E8 -> 5714342 | K8: =J8*'Inflation Rates by Year'!$E$2 -> 6656791.5 | L8: =K8/I8 -> 182.42783
A9: 43632 | B9: 8 | C9: Unknown | D9: 37765 | E9: 7184335 | F9: =I9-I8 -> 1275 | G9: =$B$14/$I$14*(F9) -> 0.20733263 | H9: =$B$14/SQRT($I$14)*(SQRT(I9)-SQRT(I8)) -> 0.15212436 | I9: =D9 -> 37765 | J9: =E9 -> 7184335 | K9: =J9*'Inflation Rates by Year'!$E$2 -> 8369226.1 | L9: =K9/I9 -> 221.6133
A10: 43633 | B10: 9 | C10: Unknown | D10: 40557 | E10: 8080880 | F10: =I10-I9 -> 2792 | G10: =$B$14/$I$14*(F10) -> 0.45401781 | H10: =$B$14/SQRT($I$14)*(SQRT(I10)-SQRT(I9)) -> 0.32439785 | I10: =D10 -> 40557 | J10: =E10 -> 8080880 | K10: =J10*'Inflation Rates by Year'!$E$2 -> 9413635.7 | L10: =K10/I10 -> 232.10878
A11: 43634 | B11: 10 | C11: Unknown | D11: 44451 | E11: 9376789 | F11: =I11-I10 -> 3894 | G11: =$B$14/$I$14*(F11) -> 0.63321825 | H11: =$B$14/SQRT($I$14)*(SQRT(I11)-SQRT(I10)) -> 0.43432564 | I11: =D11 -> 44451 | J11: =E11 -> 9376789 | K11: =J11*'Inflation Rates by Year'!$E$2 -> 10923275 | L11: =K11/I11 -> 245.73744
A12: 43635 | B12: 11 | C12: Unknown | D12: 50494 | E12: 10909208 | F12: =I12-I11 -> 6043 | G12: =$B$14/$I$14*(F12) -> 0.98267537 | H12: =$B$14/SQRT($I$14)*(SQRT(I12)-SQRT(I11)) -> 0.6379288 | I12: =D12 -> 50494 | J12: =E12 -> 10909208 | K12: =J12*'Inflation Rates by Year'!$E$2 -> 12708431 | L12: =K12/I12 -> 251.68201
A13: 43636 | B13: 12 | C13: Unknown | D13: 65903 | E13: 12686934 | F13: =I13-I12 -> 15409 | G13: =$B$14/$I$14*(F13) -> 2.5057165 | H13: =$B$14/SQRT($I$14)*(SQRT(I13)-SQRT(I12)) -> 1.4716234 | I13: =D13 -> 65903 | J13: =E13 -> 12686934 | K13: =J13*'Inflation Rates by Year'!$E$2 -> 14779353 | L13: =K13/I13 -> 224.25918
A14: 43637 | B14: 13 | C14: Unknown | D14: 79944 | E14: 13875848 | F14: =I14-I13 -> 14041 | G14: =$B$14/$I$14*(F14) -> 2.2832608 | H14: =$B$14/SQRT($I$14)*(SQRT(I14)-SQRT(I13)) -> 1.1967119 | I14: =D14 -> 79944 | J14: =E14 -> 13875848 | K14: =J14*'Inflation Rates by Year'!$E$2 -> 16164351 | L14: =K14/I14 -> 202.19592
... A28: 43651 | B28: 27 | C28: Unknown | D28: 123875 | E28: 20000000 | F28: =I28-I27 -> 0 | G28: =$B$14/$I$14*(F28) -> 0 | H28: =$B$14/SQRT($I$14)*(SQRT(I28)-SQRT(I27)) -> 0 | I28: =D28 -> 123875 | J28: =E28 -> 20000000 | K28: =J28*'Inflation Rates by Year'!$E$2 -> 23298541 | L28: =K28/I28 -> 188.08106

Sheet SpringCreekXLF(10)
A1: Date | B1: Fire Day | C1: Cause | D1: Acres | E1: Cost | F1: growth | G1: As | H1: Ls | I1: Best | J1: ICS 209 Cost | K1: Real Cost (Adjusted for Inflation) | L1: Cost per day per acre
A2: 43278 | B2: 1 | C2: Human | D2: 1700 | E2: 100000 | F2: =I2-0 -> 1700 | G2: =$B$16/$I$16*(F2) -> 0.23601277 | H2: =$B$16/SQRT($I$16)*(SQRT(I2)-SQRT(0)) -> 1.8815397 | I2: =D2 -> 1700 | J2: =E2 -> 100000 | K2: =J2*'Inflation Rates by Year'!$F$2 -> 119288.53 | L2: =K2/I2 -> 70.169723
A3: 43279 | B3: 2 | C3: Human | D3: 14424 | E3: 600000 | F3: =I3-I2 -> 12724 | G3: =$B$16/$I$16*(F3) -> 1.7664862 | H3: =$B$16/SQRT($I$16)*(SQRT(I3)-SQRT(I2)) -> 3.5991067 | I3: =D3 -> 14424 | J3: =E3 -> 600000 | K3: =J3*'Inflation Rates by Year'!$F$2 -> 715731.18 | L3: =K3/I3 -> 49.620852
A4: 43280 | B4: 3 | C4: Human | D4: 33956 | E4: 1200000 | F4: =I4-I3 -> 19532 | G4: =$B$16/$I$16*(F4) -> 2.7116479 | H4: =$B$16/SQRT($I$16)*(SQRT(I4)-SQRT(I3)) -> 2.9284085 | I4: =D4 -> 33956 | J4: =E4 -> 1200000 | K4: =J4*'Inflation Rates by Year'!$F$2 -> 1431462.4 | L4: =K4/I4 -> 42.156389
A5: 43281 | B5: 4 | C5: Human | D5: 41292 | E5: 2602130 | F5: =I5-I4 -> 7336 | G5: =$B$16/$I$16*(F5) -> 1.0184645 | H5: =$B$16/SQRT($I$16)*(SQRT(I5)-SQRT(I4)) -> 0.86397979 | I5: =D5 -> 41292 | J5: =E5 -> 2602130 | K5: =J5*'Inflation Rates by Year'!$F$2 -> 3104042.6 | L5: =K5/I5 -> 75.172978
A6: 43282 | B6: 5 | C6: Human | D6: 50033 | E6: 4100000 | F6: =I6-I5 -> 8741 | G6: =$B$16/$I$16*(F6) -> 1.2135221 | H6: =$B$16/SQRT($I$16)*(SQRT(I6)-SQRT(I5)) -> 0.9344138 | I6: =D6 -> 50033 | J6: =E6 -> 4100000 | K6: =J6*'Inflation Rates by Year'!$F$2 -> 4890829.7 | L6: =K6/I6 -> 97.752078
A7: 43283 | B7: 6 | C7: Human | D7: 60710 | E7: 6500000 | F7: =I7-I6 -> 10677 | G7: =$B$16/$I$16*(F7) -> 1.482299 | H7: =$B$16/SQRT($I$16)*(SQRT(I7)-SQRT(I6)) -> 1.036505 | I7: =D7 -> 60710 | J7: =E7 -> 6500000 | K7: =J7*'Inflation Rates by Year'!$F$2 -> 7753754.4 | L7: =K7/I7 -> 127.71791
A8: 43284 | B8: 7 | C8: Human | D8: 84569 | E8: 8150000 | F8: =I8-I7 -> 23859 | G8: =$B$16/$I$16*(F8) -> 3.3123698 | H8: =$B$16/SQRT($I$16)*(SQRT(I8)-SQRT(I7)) -> 2.0267676 | I8: =D8 -> 84569 | J8: =E8 -> 8150000 | K8: =J8*'Inflation Rates by Year'!$F$2 -> 9722015.1 | L8: =K8/I8 -> 114.95956
A9: 43286 | B9: 8 | C9: Human | D9: 103657 | E9: 12320000 | F9: =I9-I8 -> 19088 | G9: =$B$16/$I$16*(F9) -> 2.6500069 | H9: =$B$16/SQRT($I$16)*(SQRT(I9)-SQRT(I8)) -> 1.4215266 | I9: =D9 -> 103657 | J9: =E9 -> 12320000 | K9: =J9*'Inflation Rates by Year'!$F$2 -> 14696347 | L9: =K9/I9 -> 141.77862
A10: 43287 | B10: 9 | C10: Human | D10: 105733 | E10: 14550000 | F10: =I10-I9 -> 2076 | G10: =$B$16/$I$16*(F10) -> 0.28821324 | H10: =$B$16/SQRT($I$16)*(SQRT(I10)-SQRT(I9)) -> 0.14639581 | I10: =D10 -> 105733 | J10: =E10 -> 14550000 | K10: =J10*'Inflation Rates by Year'!$F$2 -> 17356481 | L10: =K10/I10 -> 164.15387
A11: 43288 | B11: 10 | C11: Human | D11: 106985 | E11: 17250000 | F11: =I11-I10 -> 1252 | G11: =$B$16/$I$16*(F11) -> 0.17381647 | H11: =$B$16/SQRT($I$16)*(SQRT(I11)-SQRT(I10)) -> 0.087594737 | I11: =D11 -> 106985 | J11: =E11 -> 17250000 | K11: =J11*'Inflation Rates by Year'!$F$2 -> 20577271 | L11: =K11/I11 -> 192.33791
A12: 43289 | B12: 11 | C12: Human | D12: 107307 | E12: 19700000 | F12: =I12-I11 -> 322 | G12: =$B$16/$I$16*(F12) -> 0.044703596 | H12: =$B$16/SQRT($I$16)*(SQRT(I12)-SQRT(I11)) -> 0.022445379 | I12: =D12 -> 107307 | J12: =E12 -> 19700000 | K12: =J12*'Inflation Rates by Year'!$F$2 -> 23499840 | L12: =K12/I12 -> 218.99634
A13: 43290 | B13: 12 | C13: Human | D13: 107967 | E13: 22100000 | F13: =I13-I12 -> 660 | G13: =$B$16/$I$16*(F13) -> 0.091628488 | H13: =$B$16/SQRT($I$16)*(SQRT(I13)-SQRT(I12)) -> 0.045901046 | I13: =D13 -> 107967 | J13: =E13 -> 22100000 | K13: =J13*'Inflation Rates by Year'!$F$2 -> 26362765 | L13: =K13/I13 -> 244.17428
A14: 43291 | B14: 13 | C14: Human | D14: 107967 | E14: 24260000 | F14: =I14-I13 -> 0 | G14: =$B$16/$I$16*(F14) -> 0 | H14: =$B$16/SQRT($I$16)*(SQRT(I14)-SQRT(I13)) -> 0 | I14: =D14 -> 107967 | J14: =E14 -> 24260000 | K14: =J14*'Inflation Rates by Year'!$F$2 -> 28939397 | L14: =K14/I14 -> 268.03928
... A29: 43349 | B29: 28 | C29: Human | D29: 108045 | E29: 32000000 | F29: =I29-I28 -> 0 | G29: =$B$16/$I$16*(F29) -> 0 | H29: =$B$16/SQRT($I$16)*(SQRT(I29)-SQRT(I28)) -> 0 | I29: =D29 -> 108045 | J29: =E29 -> 32000000 | K29: =J29*'Inflation Rates by Year'!$F$2 -> 38172329 | L29: =K29/I29 -> 353.30029

Sheet SartinDrawXLF(9)
A1: Date | B1: Fire Day | C1: Cause | D1: Acres | E1: Cost | F1: growth | G1: As | H1: Ls | I1: Best | J1: ICS 209 Cost | K1: Real Cost (Adjusted for Inflation) | L1: Cost per day per acre
A2: 42977 | B2: 1 | C2: Lightning/Natural | D2: 2000 | E2: 100000 | F2: =I2-0 -> 2000 | G2: =$B$5/$I$5*(F2) -> 0.080212563 | H2: =$B$5/SQRT($I$5)*(SQRT(I2)-SQRT(0)) -> 0.56643645 | I2: =D2 -> 2000 | J2: =E2 -> 100000 | K2: =J2*'Inflation Rates by Year'!$G$2 -> 121793.59 | L2: =K2/I2 -> 60.896794
A3: 42978 | B3: 2 | C3: Lightning/Natural | D3: 80000 | E3: 310469 | F3: =I3-I2 -> 78000 | G3: =$B$5/$I$5*(F3) -> 3.12829 | H3: =$B$5/SQRT($I$5)*(SQRT(I3)-SQRT(I2)) -> 3.0160222 | I3: =D3 -> 80000 | J3: =E3 -> 310469 | K3: =J3*'Inflation Rates by Year'!$C$2 -> 351065.93 | L3: =K3/I3 -> 4.3883241
A4: 42979 | B4: 3 | C4: Lightning/Natural | D4: 91142 | E4: 657099 | F4: =I4-I3 -> 11142 | G4: =$B$5/$I$5*(F4) -> 0.44686419 | H4: =$B$5/SQRT($I$5)*(SQRT(I4)-SQRT(I3)) -> 0.241344 | I4: =D4 -> 91142 | J4: =E4 -> 657099 | K4: =J4*'Inflation Rates by Year'!$C$2 -> 743021.27 | L4: =K4/I4 -> 8.1523476
A5: 42980 | B5: 4 | C5: Lightning/Natural | D5: 99735 | E5: 1112000 | F5: =I5-I4 -> 8593 | G5: =$B$5/$I$5*(F5) -> 0.34463328 | H5: =$B$5/SQRT($I$5)*(SQRT(I5)-SQRT(I4)) -> 0.17619733 | I5: =D5 -> 99735 | J5: =E5 -> 1112000 | K5: =J5*'Inflation Rates by Year'!$C$2 -> 1257405.1 | L5: =K5/I5 -> 12.607461
A6: 42981 | B6: 5 | C6: Lightning/Natural | D6: 99735 | E6: 1386902 | F6: =I6-I5 -> 0 | G6: =$B$5/$I$5*(F6) -> 0 | H6: =$B$5/SQRT($I$5)*(SQRT(I6)-SQRT(I5)) -> 0 | I6: =D6 -> 99735 | J6: =E6 -> 1386902 | K6: =J6*'Inflation Rates by Year'!$C$2 -> 1568253.3 | L6: =K6/I6 -> 15.724202
A7: 42982 | B7: 6 | C7: Lightning/Natural | D7: 99735 | E7: 1500000 | F7: =I7-I6 -> 0 | G7: =$B$5/$I$5*(F7) -> 0 | H7: =$B$5/SQRT($I$5)*(SQRT(I7)-SQRT(I6)) -> 0 | I7: =D7 -> 99735 | J7: =E7 -> 1500000 | K7: =J7*'Inflation Rates by Year'!$C$2 -> 1696140 | L7: =K7/I7 -> 17.006467

Sheet BoundaryXLF(8)
A1: Date | B1: Fire Day | C1: Cause | D1: Acres | E1: Cost | F1: growth | G1: As | H1: Ls | I1: Best | J1: ICS 209 Cost | K1: Real Cost (Adjusted for Inflation) | L1: Cost per day per acre
A2: 44418 | B2: 1 | C2: Lightning/Natural | D2: 210 | E2: 250000 | F2: =I2-0 -> 210 | G2: =$B$58/$I$58*(F2) -> 0.1348626 | H2: =$B$58/SQRT($I$58)*(SQRT(I2)-SQRT(0)) -> 2.7725743 | I2: =D2 -> 210 | J2: =E2 -> 250000 | K2: =J2*'Inflation Rates by Year'!$C$2 -> 282690 | L2: =K2/I2 -> 1346.1429
A3: 44419 | B3: 2 | C3: Lightning/Natural | D3: 225 | E3: 255000 | F3: =I3-I2 -> 15 | G3: =$B$58/$I$58*(F3) -> 0.009633043 | H3: =$B$58/SQRT($I$58)*(SQRT(I3)-SQRT(I2)) -> 0.097312753 | I3: =D3 -> 225 | J3: =E3 -> 255000 | K3: =J3*'Inflation Rates by Year'!$C$2 -> 288343.8 | L3: =K3/I3 -> 1281.528
A4: 44421 | B4: 3 | C4: Lightning/Natural | D4: 235 | E4: 295000 | F4: =I4-I3 -> 10 | G4: =$B$58/$I$58*(F4) -> 0.0064220287 | H4: =$B$58/SQRT($I$58)*(SQRT(I4)-SQRT(I3)) -> 0.063081977 | I4: =D4 -> 235 | J4: =E4 -> 295000 | K4: =J4*'Inflation Rates by Year'!$C$2 -> 333574.2 | L4: =K4/I4 -> 1419.4647
A5: 44422 | B5: 4 | C5: Lightning/Natural | D5: 245 | E5: 800000 | F5: =I5-I4 -> 10 | G5: =$B$58/$I$58*(F5) -> 0.0064220287 | H5: =$B$58/SQRT($I$58)*(SQRT(I5)-SQRT(I4)) -> 0.061753489 | I5: =D5 -> 245 | J5: =E5 -> 800000 | K5: =J5*'Inflation Rates by Year'!$C$2 -> 904608 | L5: =K5/I5 -> 3692.2776
A6: 44423 | B6: 5 | C6: Lightning/Natural | D6: 309 | E6: 1000000 | F6: =I6-I5 -> 64 | G6: =$B$58/$I$58*(F6) -> 0.041100984 | H6: =$B$58/SQRT($I$58)*(SQRT(I6)-SQRT(I5)) -> 0.36847819 | I6: =D6 -> 309 | J6: =E6 -> 1000000 | K6: =J6*'Inflation Rates by Year'!$C$2 -> 1130760 | L6: =K6/I6 -> 3659.4175
A7: 44424 | B7: 6 | C7: Lightning/Natural | D7: 320 | E7: 1050000 | F7: =I7-I6 -> 11 | G7: =$B$58/$I$58*(F7) -> 0.0070642316 | H7: =$B$58/SQRT($I$58)*(SQRT(I7)-SQRT(I6)) -> 0.059339313 | I7: =D7 -> 320 | J7: =E7 -> 1050000 | K7: =J7*'Inflation Rates by Year'!$C$2 -> 1187298 | L7: =K7/I7 -> 3710.3063
A8: 44425 | B8: 7 | C8: Lightning/Natural | D8: 330 | E8: 1100000 | F8: =I8-I7 -> 10 | G8: =$B$58/$I$58*(F8) -> 0.0064220287 | H8: =$B$58/SQRT($I$58)*(SQRT(I8)-SQRT(I7)) -> 0.053065801 | I8: =D8 -> 330 | J8: =E8 -> 1100000 | K8: =J8*'Inflation Rates by Year'!$C$2 -> 1243836 | L8: =K8/I8 -> 3769.2
A9: 44426 | B9: 8 | C9: Lightning/Natural | D9: 550 | E9: 1105000 | F9: =I9-I8 -> 220 | G9: =$B$58/$I$58*(F9) -> 0.14128463 | H9: =$B$58/SQRT($I$58)*(SQRT(I9)-SQRT(I8)) -> 1.011382 | I9: =D9 -> 550 | J9: =E9 -> 1105000 | K9: =J9*'Inflation Rates by Year'!$C$2 -> 1249489.8 | L9: =K9/I9 -> 2271.7996
A10: 44427 | B10: 9 | C10: Lightning/Natural | D10: 850 | E10: 1200000 | F10: =I10-I9 -> 300 | G10: =$B$58/$I$58*(F10) -> 0.19266086 | H10: =$B$58/SQRT($I$58)*(SQRT(I10)-SQRT(I9)) -> 1.09107 | I10: =D10 -> 850 | J10: =E10 -> 1200000 | K10: =J10*'Inflation Rates by Year'!$C$2 -> 1356912 | L10: =K10/I10 -> 1596.3671
A11: 44428 | B11: 10 | C11: Lightning/Natural | D11: 873 | E11: 1125000 | F11: =I11-I10 -> 23 | G11: =$B$58/$I$58*(F11) -> 0.014770666 | H11: =$B$58/SQRT($I$58)*(SQRT(I11)-SQRT(I10)) -> 0.074964116 | I11: =D11 -> 873 | J11: =E11 -> 1125000 | K11: =J11*'Inflation Rates by Year'!$C$2 -> 1272105 | L11: =K11/I11 -> 1457.1649
A12: 44429 | B12: 11 | C12: Lightning/Natural | D12: 878 | E12: 1200000 | F12: =I12-I11 -> 5 | G12: =$B$58/$I$58*(F12) -> 0.0032110143 | H12: =$B$58/SQRT($I$58)*(SQRT(I12)-SQRT(I11)) -> 0.01616538 | I12: =D12 -> 878 | J12: =E12 -> 1200000 | K12: =J12*'Inflation Rates by Year'!$C$2 -> 1356912 | L12: =K12/I12 -> 1545.4579
A13: 44430 | B13: 12 | C13: Lightning/Natural | D13: 899 | E13: 1300000 | F13: =I13-I12 -> 21 | G13: =$B$58/$I$58*(F13) -> 0.01348626 | H13: =$B$58/SQRT($I$58)*(SQRT(I13)-SQRT(I12)) -> 0.067397178 | I13: =D13 -> 899 | J13: =E13 -> 1300000 | K13: =J13*'Inflation Rates by Year'!$C$2 -> 1469988 | L13: =K13/I13 -> 1635.1368
A14: 44431 | B14: 13 | C14: Lightning/Natural | D14: 899 | E14: 1200000 | F14: =I14-I13 -> 0 | G14: =$B$58/$I$58*(F14) -> 0 | H14: =$B$58/SQRT($I$58)*(SQRT(I14)-SQRT(I13)) -> 0 | I14: =D14 -> 899 | J14: =E14 -> 1200000 | K14: =J14*'Inflation Rates by Year'!$C$2 -> 1356912 | L14: =K14/I14 -> 1509.3571
... A64: 44490 | B64: 63 | C64: Lightning/Natural | D64: 88757 | E64: 12002000 | F64: =I64-I63 -> 0 | G64: =$B$58/$I$58*(F64) -> 0 | H64: =$B$58/SQRT($I$58)*(SQRT(I64)-SQRT(I63)) -> 0 | I64: =D64 -> 88757 | J64: =E64 -> 12002000 | K64: =J64*'Inflation Rates by Year'!$C$2 -> 13571382 | L64: =K64/I64 -> 152.90491
J71: =E71 -> 0

Sheet CampXLF(7)
A1: Date | B1: Fire Day | C1: Cause | D1: Acres | E1: Cost | F1: growth | G1: As | H1: Ls | I1: Best | J1: ICS 209 Cost | K1: Real Cost (Adjusted for Inflation) | L1: Cost per day per acre
A2: 43412 | B2: 1 | C2: Unknown | D2: 16000 | E2: 1500000 | F2: =I2-0 -> 16000 | G2: =$B$14/$I$14*(F2) -> 1.3661741 | H2: =$B$14/SQRT($I$14)*(SQRT(I2)-SQRT(0)) -> 4.2142927 | I2: =D2 -> 16000 | J2: =E2 -> 1500000 | K2: =J2*'Inflation Rates by Year'!$F$2 -> 1789327.9 | L2: =K2/I2 -> 111.833
A3: 43413 | B3: 2 | C3: Unknown | D3: 100000 | E3: 2766414 | F3: =I3-I2 -> 84000 | G3: =$B$14/$I$14*(F3) -> 7.1724138 | H3: =$B$14/SQRT($I$14)*(SQRT(I3)-SQRT(I2)) -> 6.321439 | I3: =D3 -> 100000 | J3: =E3 -> 2766414 | K3: =J3*'Inflation Rates by Year'!$F$2 -> 3300014.6 | L3: =K3/I3 -> 33.000146
A4: 43414 | B4: 3 | C4: Unknown | D4: 109000 | E4: 11190962 | F4: =I4-I3 -> 9000 | G4: =$B$14/$I$14*(F4) -> 0.76847291 | H4: =$B$14/SQRT($I$14)*(SQRT(I4)-SQRT(I3)) -> 0.46389512 | I4: =D4 -> 109000 | J4: =E4 -> 11190962 | K4: =J4*'Inflation Rates by Year'!$F$2 -> 13349534 | L4: =K4/I4 -> 122.47279
A5: 43415 | B5: 4 | C5: Unknown | D5: 113000 | E5: 19514419 | F5: =I5-I4 -> 4000 | G5: =$B$14/$I$14*(F5) -> 0.34154351 | H5: =$B$14/SQRT($I$14)*(SQRT(I5)-SQRT(I4)) -> 0.2000096 | I5: =D5 -> 113000 | J5: =E5 -> 19514419 | K5: =J5*'Inflation Rates by Year'!$F$2 -> 23278463 | L5: =K5/I5 -> 206.0041
A6: 43416 | B6: 5 | C6: Unknown | D6: 117000 | E6: 24616561 | F6: =I6-I5 -> 4000 | G6: =$B$14/$I$14*(F6) -> 0.34154351 | H6: =$B$14/SQRT($I$14)*(SQRT(I6)-SQRT(I5)) -> 0.19649984 | I6: =D6 -> 117000 | J6: =E6 -> 24616561 | K6: =J6*'Inflation Rates by Year'!$F$2 -> 29364734 | L6: =K6/I6 -> 250.98063
A7: 43417 | B7: 6 | C7: Unknown | D7: 135000 | E7: 37504302 | F7: =I7-I6 -> 18000 | G7: =$B$14/$I$14*(F7) -> 1.5369458 | H7: =$B$14/SQRT($I$14)*(SQRT(I7)-SQRT(I6)) -> 0.84527776 | I7: =D7 -> 135000 | J7: =E7 -> 37504302 | K7: =J7*'Inflation Rates by Year'!$F$2 -> 44738330 | L7: =K7/I7 -> 331.39504
A8: 43418 | B8: 7 | C8: Unknown | D8: 138000 | E8: 41928650 | F8: =I8-I7 -> 3000 | G8: =$B$14/$I$14*(F8) -> 0.25615764 | H8: =$B$14/SQRT($I$14)*(SQRT(I8)-SQRT(I7)) -> 0.13526835 | I8: =D8 -> 138000 | J8: =E8 -> 41928650 | K8: =J8*'Inflation Rates by Year'!$F$2 -> 50016070 | L8: =K8/I8 -> 362.43529
A9: 43419 | B9: 8 | C9: Unknown | D9: 141000 | E9: 50049105 | F9: =I9-I8 -> 3000 | G9: =$B$14/$I$14*(F9) -> 0.25615764 | H9: =$B$14/SQRT($I$14)*(SQRT(I9)-SQRT(I8)) -> 0.13380586 | I9: =D9 -> 141000 | J9: =E9 -> 50049105 | K9: =J9*'Inflation Rates by Year'!$F$2 -> 59702841 | L9: =K9/I9 -> 423.42441
A10: 43420 | B10: 9 | C10: Unknown | D10: 148000 | E10: 62187258 | F10: =I10-I9 -> 7000 | G10: =$B$14/$I$14*(F10) -> 0.59770115 | H10: =$B$14/SQRT($I$14)*(SQRT(I10)-SQRT(I9)) -> 0.30678257 | I10: =D10 -> 148000 | J10: =E10 -> 62187258 | K10: =J10*'Inflation Rates by Year'!$F$2 -> 74182265 | L10: =K10/I10 -> 501.23152
A11: 43421 | B11: 10 | C11: Unknown | D11: 149500 | E11: 70485659 | F11: =I11-I10 -> 1500 | G11: =$B$14/$I$14*(F11) -> 0.12807882 | H11: =$B$14/SQRT($I$14)*(SQRT(I11)-SQRT(I10)) -> 0.064788639 | I11: =D11 -> 149500 | J11: =E11 -> 70485659 | K11: =J11*'Inflation Rates by Year'!$F$2 -> 84081306 | L11: =K11/I11 -> 562.41676
A12: 43422 | B12: 11 | C12: Unknown | D12: 151000 | E12: 78766882 | F12: =I12-I11 -> 1500 | G12: =$B$14/$I$14*(F12) -> 0.12807882 | H12: =$B$14/SQRT($I$14)*(SQRT(I12)-SQRT(I11)) -> 0.06446442 | I12: =D12 -> 151000 | J12: =E12 -> 78766882 | K12: =J12*'Inflation Rates by Year'!$F$2 -> 93959855 | L12: =K12/I12 -> 622.2507
A13: 43423 | B13: 12 | C13: Unknown | D13: 151373 | E13: 85967903 | F13: =I13-I12 -> 373 | G13: =$B$14/$I$14*(F13) -> 0.031848933 | H13: =$B$14/SQRT($I$14)*(SQRT(I13)-SQRT(I12)) -> 0.01598038 | I13: =D13 -> 151373 | J13: =E13 -> 85967903 | K13: =J13*'Inflation Rates by Year'!$F$2 -> 1.0254985e+08 | L13: =K13/I13 -> 677.46459
A14: 43424 | B14: 13 | C14: Unknown | D14: 152250 | E14: 88520724 | F14: =I14-I13 -> 877 | G14: =$B$14/$I$14*(F14) -> 0.074883415 | H14: =$B$14/SQRT($I$14)*(SQRT(I14)-SQRT(I13)) -> 0.037495782 | I14: =D14 -> 152250 | J14: =E14 -> 88520724 | K14: =J14*'Inflation Rates by Year'!$F$2 -> 1.0559507e+08 | L14: =K14/I14 -> 693.56368
... A19: 43429 | B19: 18 | C19: Unknown | D19: 153336 | E19: 102843527 | F19: =I19-I18 -> 0 | G19: =$B$14/$I$14*(F19) -> 0 | H19: =$B$14/SQRT($I$14)*(SQRT(I19)-SQRT(I18)) -> 0 | I19: =D19 -> 153336 | J19: =E19 -> 102843527 | K19: =J19*'Inflation Rates by Year'!$F$2 -> 1.2268053e+08 | L19: =K19/I19 -> 800.0765

Sheet GrassValleyXLF(5)
A1: Date | B1: Fire Day | C1: Cause | D1: Acres | E1: Cost | F1: growth | G1: As | H1: Ls | I1: Best | J1: ICS 209 Cost | K1: Real Cost (Adjusted for Inflation) | L1: Cost per day per acre
A2: 43323 | B2: 1 | C2: Unknown | D2: 45000 | E2: 80000 | F2: =I2-0 -> 45000 | G2: =$B$5/$I$5*(F2) -> 2.381803 | H2: =$B$5/SQRT($I$5)*(SQRT(I2)-SQRT(0)) -> 3.0866182 | I2: =D2 -> 45000 | J2: =E2 -> 80000 | K2: =J2*'Inflation Rates by Year'!$F$2 -> 95430.823 | L2: =K2/I2 -> 2.120685
A3: 43324 | B3: 2 | C3: Unknown | D3: 74835 | E3: 353445 | F3: =I3-I2 -> 29835 | G3: =$B$5/$I$5*(F3) -> 1.5791354 | H3: =$B$5/SQRT($I$5)*(SQRT(I3)-SQRT(I2)) -> 0.89380307 | I3: =D3 -> 74835 | J3: =E3 -> 353445 | K3: =J3*'Inflation Rates by Year'!$F$2 -> 421619.34 | L3: =K3/I3 -> 5.633986
A4: 43325 | B4: 3 | C4: Unknown | D4: 75573 | E4: 733333 | F4: =I4-I3 -> 738 | G4: =$B$5/$I$5*(F4) -> 0.03906157 | H4: =$B$5/SQRT($I$5)*(SQRT(I4)-SQRT(I3)) -> 0.0195787 | I4: =D4 -> 75573 | J4: =E4 -> 733333 | K4: =J4*'Inflation Rates by Year'!$F$2 -> 874782.15 | L4: =K4/I4 -> 11.575327
A5: 43326 | B5: 4 | C5: Unknown | D5: 75573 | E5: 864121 | F5: =I5-I4 -> 0 | G5: =$B$5/$I$5*(F5) -> 0 | H5: =$B$5/SQRT($I$5)*(SQRT(I5)-SQRT(I4)) -> 0 | I5: =D5 -> 75573 | J5: =E5 -> 864121 | K5: =J5*'Inflation Rates by Year'!$F$2 -> 1030797.2 | L5: =K5/I5 -> 13.639755
J71: =E71 -> 0

Sheet NorthStarXLF(2)
A1: Date | B1: Fire Day | C1: Cause | D1: Acres | E1: Cost | F1: growth | G1: As | H1: Ls | I1: Best | J1: ICS 209 Cost | K1: Real Cost (Adjusted for Inflation) | L1: Cost per day per acre
A2: 42230 | B2: 1 | C2: Human | D2: 1200 | E2: 30000 | F2: =I2-0 -> 1200 | G2: =$B$40/$I$36*(F2) -> 0.21505969 | H2: =$B$40/SQRT($I$36)*(SQRT(I2)-SQRT(0)) -> 2.8960884 | I2: =D2 -> 1200 | J2: =E2 -> 30000 | K2: =J2*'Inflation Rates by Year'!$I$2 -> 37383.202 | L2: =K2/I2 -> 31.152669
A3: 42231 | B3: 2 | C3: Human | D3: 10000 | E3: 120000 | F3: =I3-I2 -> 8800 | G3: =$B$40/$I$36*(F3) -> 1.5771044 | H3: =$B$40/SQRT($I$36)*(SQRT(I3)-SQRT(I2)) -> 5.4641987 | I3: =D3 -> 10000 | J3: =E3 -> 120000 | K3: =J3*'Inflation Rates by Year'!$I$2 -> 149532.81 | L3: =K3/I3 -> 14.953281
A4: 42232 | B4: 3 | C4: Human | D4: 22000 | E4: 125000 | F4: =I4-I3 -> 12000 | G4: =$B$40/$I$36*(F4) -> 2.1505969 | H4: =$B$40/SQRT($I$36)*(SQRT(I4)-SQRT(I3)) -> 4.0400226 | I4: =D4 -> 22000 | J4: =E4 -> 125000 | K4: =J4*'Inflation Rates by Year'!$I$2 -> 155763.34 | L4: =K4/I4 -> 7.0801519
A5: 42233 | B5: 4 | C5: Human | D5: 25000 | E5: 200000 | F5: =I5-I4 -> 3000 | G5: =$B$40/$I$36*(F5) -> 0.53764923 | H5: =$B$40/SQRT($I$36)*(SQRT(I5)-SQRT(I4)) -> 0.81846485 | I5: =D5 -> 25000 | J5: =E5 -> 200000 | K5: =J5*'Inflation Rates by Year'!$I$2 -> 249221.35 | L5: =K5/I5 -> 9.9688539
A6: 42233 | B6: 5 | C6: Human | D6: 25000 | E6: 250000 | F6: =I6-I5 -> 0 | G6: =$B$40/$I$36*(F6) -> 0 | H6: =$B$40/SQRT($I$36)*(SQRT(I6)-SQRT(I5)) -> 0 | I6: =D6 -> 25000 | J6: =E6 -> 250000 | K6: =J6*'Inflation Rates by Year'!$I$2 -> 311526.69 | L6: =K6/I6 -> 12.461067
A7: 42235 | B7: 6 | C7: Human | D7: 55000 | E7: 800000 | F7: =I7-I6 -> 30000 | G7: =$B$40/$I$36*(F7) -> 5.3764923 | H7: =$B$40/SQRT($I$36)*(SQRT(I7)-SQRT(I6)) -> 6.3878366 | I7: =D7 -> 55000 | J7: =E7 -> 800000 | K7: =J7*'Inflation Rates by Year'!$I$2 -> 996885.39 | L7: =K7/I7 -> 18.125189
A8: 42236 | B8: 7 | C8: Human | D8: 88000 | E8: 1140000 | F8: =I8-I7 -> 33000 | G8: =$B$40/$I$36*(F8) -> 5.9141416 | H8: =$B$40/SQRT($I$36)*(SQRT(I8)-SQRT(I7)) -> 5.1940082 | I8: =D8 -> 88000 | J8: =E8 -> 1140000 | K8: =J8*'Inflation Rates by Year'!$I$2 -> 1420561.7 | L8: =K8/I8 -> 16.142746
A9: 42237 | B9: 8 | C9: Human | D9: 108000 | E9: 1400000 | F9: =I9-I8 -> 20000 | G9: =$B$40/$I$36*(F9) -> 3.5843282 | H9: =$B$40/SQRT($I$36)*(SQRT(I9)-SQRT(I8)) -> 2.6740876 | I9: =D9 -> 108000 | J9: =E9 -> 1400000 | K9: =J9*'Inflation Rates by Year'!$I$2 -> 1744549.4 | L9: =K9/I9 -> 16.153236
A10: 42238 | B10: 9 | C10: Human | D10: 132000 | E10: 1700000 | F10: =I10-I9 -> 24000 | G10: =$B$40/$I$36*(F10) -> 4.3011939 | H10: =$B$40/SQRT($I$36)*(SQRT(I10)-SQRT(I9)) -> 2.8997244 | I10: =D10 -> 132000 | J10: =E10 -> 1700000 | K10: =J10*'Inflation Rates by Year'!$I$2 -> 2118381.5 | L10: =K10/I10 -> 16.048344
A11: 42239 | B11: 10 | C11: Human | D11: 147000 | E11: 2400000 | F11: =I11-I10 -> 15000 | G11: =$B$40/$I$36*(F11) -> 2.6882462 | H11: =$B$40/SQRT($I$36)*(SQRT(I11)-SQRT(I10)) -> 1.6793934 | I11: =D11 -> 147000 | J11: =E11 -> 2400000 | K11: =J11*'Inflation Rates by Year'!$I$2 -> 2990656.2 | L11: =K11/I11 -> 20.3446
A12: 42240 | B12: 11 | C12: Human | D12: 150000 | E12: 3200000 | F12: =I12-I11 -> 3000 | G12: =$B$40/$I$36*(F12) -> 0.53764923 | H12: =$B$40/SQRT($I$36)*(SQRT(I12)-SQRT(I11)) -> 0.32542788 | I12: =D12 -> 150000 | J12: =E12 -> 3200000 | K12: =J12*'Inflation Rates by Year'!$I$2 -> 3987541.6 | L12: =K12/I12 -> 26.58361
A13: 42241 | B13: 12 | C13: Human | D13: 155000 | E13: 4000000 | F13: =I13-I12 -> 5000 | G13: =$B$40/$I$36*(F13) -> 0.89608205 | H13: =$B$40/SQRT($I$36)*(SQRT(I13)-SQRT(I12)) -> 0.53523052 | I13: =D13 -> 155000 | J13: =E13 -> 4000000 | K13: =J13*'Inflation Rates by Year'!$I$2 -> 4984427 | L13: =K13/I13 -> 32.157593
A14: 42242 | B14: 13 | C14: Human | D14: 170000 | E14: 5004569 | F14: =I14-I13 -> 15000 | G14: =$B$40/$I$36*(F14) -> 2.6882462 | H14: =$B$40/SQRT($I$36)*(SQRT(I14)-SQRT(I13)) -> 1.5558635 | I14: =D14 -> 170000 | J14: =E14 -> 5004569 | K14: =J14*'Inflation Rates by Year'!$I$2 -> 6236227.2 | L14: =K14/I14 -> 36.683689
... A41: 42269 | B41: 40 | C41: Human | D41: 218142 | E41: 40900000 | F41: =I41-I40 -> 44 | G41: =$B$40/$I$36*(F41) -> 0.0078855221 | H41: =$B$40/SQRT($I$36)*(SQRT(I41)-SQRT(I40)) -> 0.0039381851 | I41: =D41 -> 218142 | J41: =E41 -> 40900000 | K41: =J41*'Inflation Rates by Year'!$I$2 -> 50965766 | L41: =K41/I41 -> 233.63573
A42: 42270 | B42: 41 | C42: Human | D42: 218138 | E42: 41630000 | F42: =I42-I41 -> -4 | G42: =$B$69/$I$36*(F42) -> 0 | H42: =$B$69/SQRT($I$36)*(SQRT(I42)-SQRT(I41)) -> 0 | I42: =D42 -> 218138 | J42: =E42 -> 41630000 | K42: =J42*'Inflation Rates by Year'!$I$2 -> 51875424 | L42: =K42/I42 -> 237.81012
A43: 42271 | B43: 42 | C43: Human | D43: 218138 | E43: 42350000 | F43: =I43-I42 -> 0 | G43: =$B$69/$I$36*(F43) -> 0 | H43: =$B$69/SQRT($I$36)*(SQRT(I43)-SQRT(I42)) -> 0 | I43: =D43 -> 218138 | J43: =E43 -> 42350000 | K43: =J43*'Inflation Rates by Year'!$I$2 -> 52772620 | L43: =K43/I43 -> 241.9231
A44: 42273 | B44: 43 | C44: Human | D44: 218138 | E44: 43700000 | F44: =I44-I43 -> 0 | G44: =$B$69/$I$36*(F44) -> 0 | H44: =$B$69/SQRT($I$36)*(SQRT(I44)-SQRT(I43)) -> 0 | I44: =D44 -> 218138 | J44: =E44 -> 43700000 | K44: =J44*'Inflation Rates by Year'!$I$2 -> 54454865 | L44: =K44/I44 -> 249.63493
A45: 42274 | B45: 44 | C45: Human | D45: 218138 | E45: 44220625 | F45: =I45-I44 -> 0 | G45: =$B$69/$I$36*(F45) -> 0 | H45: =$B$69/SQRT($I$36)*(SQRT(I45)-SQRT(I44)) -> 0 | I45: =D45 -> 218138 | J45: =E45 -> 44220625 | K45: =J45*'Inflation Rates by Year'!$I$2 -> 55103619 | L45: =K45/I45 -> 252.60899
A46: 42275 | B46: 45 | C46: Human | D46: 218138 | E46: 44360625 | F46: =I46-I45 -> 0 | G46: =$B$69/$I$36*(F46) -> 0 | H46: =$B$69/SQRT($I$36)*(SQRT(I46)-SQRT(I45)) -> 0 | I46: =D46 -> 218138 | J46: =E46 -> 44360625 | K46: =J46*'Inflation Rates by Year'!$I$2 -> 55278074 | L46: =K46/I46 -> 253.40873
A47: 42276 | B47: 46 | C47: Human | D47: 218138 | E47: 44500625 | F47: =I47-I46 -> 0 | G47: =$B$69/$I$36*(F47) -> 0 | H47: =$B$69/SQRT($I$36)*(SQRT(I47)-SQRT(I46)) -> 0 | I47: =D47 -> 218138 | J47: =E47 -> 44500625 | K47: =J47*'Inflation Rates by Year'!$I$2 -> 55452529 | L47: =K47/I47 -> 254.20848
A48: 42339 | B48: 47 | C48: Human | D48: 218138 | E48: 45000000 | F48: =I48-I47 -> 0 | G48: =$B$69/$I$36*(F48) -> 0 | H48: =$B$69/SQRT($I$36)*(SQRT(I48)-SQRT(I47)) -> 0 | I48: =D48 -> 218138 | J48: =E48 -> 45000000 | K48: =J48*'Inflation Rates by Year'!$I$2 -> 56074803 | L48: =K48/I48 -> 257.06114

Sheet RoughXLF(4)
A1: Date | B1: Fire Day | C1: Cause | D1: Acres | E1: Cost | F1: growth | G1: As | H1: Ls | I1: Best | J1: ICS 209 Cost | K1: Real Cost (Adjusted for Inflation) | L1: Cost per day per acre
A2: 42218 | B2: 1 | C2: Lightning/Natural | D2: 10 | E2: 75000 | F2: =I2-0 -> 10 | G2: =$B$59/$I$59*(F2) -> 0.0038252772 | H2: =$B$59/SQRT($I$59)*(SQRT(I2)-SQRT(0)) -> 0.47102662 | I2: =D2 -> 10 | J2: =E2 -> 75000 | K2: =J2*'Inflation Rates by Year'!$I$2 -> 93458.006 | L2: =K2/I2 -> 9345.8006
A3: 42219 | B3: 2 | C3: Lightning/Natural | D3: 10 | E3: 75000 | F3: =I3-I2 -> 0 | G3: =$B$59/$I$59*(F3) -> 0 | H3: =$B$59/SQRT($I$59)*(SQRT(I3)-SQRT(I2)) -> 0 | I3: =D3 -> 10 | J3: =E3 -> 75000 | K3: =J3*'Inflation Rates by Year'!$I$2 -> 93458.006 | L3: =K3/I3 -> 9345.8006
A4: 42221 | B4: 3 | C4: Lightning/Natural | D4: 75 | E4: 75000 | F4: =I4-I3 -> 65 | G4: =$B$59/$I$59*(F4) -> 0.024864302 | H4: =$B$59/SQRT($I$59)*(SQRT(I4)-SQRT(I3)) -> 0.8189329 | I4: =D4 -> 75 | J4: =E4 -> 75000 | K4: =J4*'Inflation Rates by Year'!$I$2 -> 93458.006 | L4: =K4/I4 -> 1246.1067
A5: 42222 | B5: 4 | C5: Lightning/Natural | D5: 450 | E5: 75000 | F5: =I5-I4 -> 375 | G5: =$B$59/$I$59*(F5) -> 0.14344789 | H5: =$B$59/SQRT($I$59)*(SQRT(I5)-SQRT(I4)) -> 1.8697831 | I5: =D5 -> 450 | J5: =E5 -> 75000 | K5: =J5*'Inflation Rates by Year'!$I$2 -> 93458.006 | L5: =K5/I5 -> 207.68446
A6: 42223 | B6: 5 | C6: Lightning/Natural | D6: 600 | E6: 100000 | F6: =I6-I5 -> 150 | G6: =$B$59/$I$59*(F6) -> 0.057379158 | H6: =$B$59/SQRT($I$59)*(SQRT(I6)-SQRT(I5)) -> 0.48881388 | I6: =D6 -> 600 | J6: =E6 -> 100000 | K6: =J6*'Inflation Rates by Year'!$I$2 -> 124610.67 | L6: =K6/I6 -> 207.68446
A7: 42224 | B7: 6 | C7: Lightning/Natural | D7: 976 | E7: 100000 | F7: =I7-I6 -> 376 | G7: =$B$59/$I$59*(F7) -> 0.14383042 | H7: =$B$59/SQRT($I$59)*(SQRT(I7)-SQRT(I6)) -> 1.0048432 | I7: =D7 -> 976 | J7: =E7 -> 100000 | K7: =J7*'Inflation Rates by Year'!$I$2 -> 124610.67 | L7: =K7/I7 -> 127.67487
A8: 42224 | B8: 7 | C8: Lightning/Natural | D8: 1200 | E8: 150000 | F8: =I8-I7 -> 224 | G8: =$B$59/$I$59*(F8) -> 0.085686209 | H8: =$B$59/SQRT($I$59)*(SQRT(I8)-SQRT(I7)) -> 0.50643836 | I8: =D8 -> 1200 | J8: =E8 -> 150000 | K8: =J8*'Inflation Rates by Year'!$I$2 -> 186916.01 | L8: =K8/I8 -> 155.76334
A9: 42225 | B9: 8 | C9: Lightning/Natural | D9: 1365 | E9: 100000 | F9: =I9-I8 -> 165 | G9: =$B$59/$I$59*(F9) -> 0.063117073 | H9: =$B$59/SQRT($I$59)*(SQRT(I9)-SQRT(I8)) -> 0.34331731 | I9: =D9 -> 1365 | J9: =E9 -> 100000 | K9: =J9*'Inflation Rates by Year'!$I$2 -> 124610.67 | L9: =K9/I9 -> 91.289871
A10: 42227 | B10: 9 | C10: Lightning/Natural | D10: 4754 | E10: 250000 | F10: =I10-I9 -> 3389 | G10: =$B$59/$I$59*(F10) -> 1.2963864 | H10: =$B$59/SQRT($I$59)*(SQRT(I10)-SQRT(I9)) -> 4.7669533 | I10: =D10 -> 4754 | J10: =E10 -> 250000 | K10: =J10*'Inflation Rates by Year'!$I$2 -> 311526.69 | L10: =K10/I10 -> 65.529383
A11: 42227 | B11: 10 | C11: Lightning/Natural | D11: 5226 | E11: 250000 | F11: =I11-I10 -> 472 | G11: =$B$59/$I$59*(F11) -> 0.18055308 | H11: =$B$59/SQRT($I$59)*(SQRT(I11)-SQRT(I10)) -> 0.49776999 | I11: =D11 -> 5226 | J11: =E11 -> 250000 | K11: =J11*'Inflation Rates by Year'!$I$2 -> 311526.69 | L11: =K11/I11 -> 59.610923
A12: 42229 | B12: 11 | C12: Lightning/Natural | D12: 6831 | E12: 3130000 | F12: =I12-I11 -> 1605 | G12: =$B$59/$I$59*(F12) -> 0.61395699 | H12: =$B$59/SQRT($I$59)*(SQRT(I12)-SQRT(I11)) -> 1.5429587 | I12: =D12 -> 6831 | J12: =E12 -> 3130000 | K12: =J12*'Inflation Rates by Year'!$I$2 -> 3900314.1 | L12: =K12/I12 -> 570.97264
A13: 42230 | B13: 12 | C13: Lightning/Natural | D13: 13346 | E13: 4000000 | F13: =I13-I12 -> 6515 | G13: =$B$59/$I$59*(F13) -> 2.4921681 | H13: =$B$59/SQRT($I$59)*(SQRT(I13)-SQRT(I12)) -> 4.8967907 | I13: =D13 -> 13346 | J13: =E13 -> 4000000 | K13: =J13*'Inflation Rates by Year'!$I$2 -> 4984427 | L13: =K13/I13 -> 373.47722
A14: 42231 | B14: 13 | C14: Lightning/Natural | D14: 13346 | E14: 5000000 | F14: =I14-I13 -> 0 | G14: =$B$59/$I$59*(F14) -> 0 | H14: =$B$59/SQRT($I$59)*(SQRT(I14)-SQRT(I13)) -> 0 | I14: =D14 -> 13346 | J14: =E14 -> 5000000 | K14: =J14*'Inflation Rates by Year'!$I$2 -> 6230533.7 | L14: =K14/I14 -> 466.84652
... A59: 42276 | B59: 58 | C59: Lightning/Natural | D59: 151623 | E59: 118934087 | F59: =I59-I58 -> 130 | G59: =$B$59/$I$59*(F59) -> 0.049728603 | H59: =$B$59/SQRT($I$59)*(SQRT(I59)-SQRT(I58)) -> 0.024869633 | I59: =D59 -> 151623 | J59: =E59 -> 118934087 | K59: =J59*'Inflation Rates by Year'!$I$2 -> 1.4820457e+08 | L59: =K59/I59 -> 977.45439
A60: 42277 | B60: 59 | C60: Lightning/Natural | D60: 151623 | E60: 119785792 | F60: =I60-I59 -> 0 | G60: =$B$70/$I$59*(F60) -> 0 | H60: =$B$59/SQRT($I$59)*(SQRT(I60)-SQRT(I59)) -> 0 | I60: =D60 -> 151623 | J60: =E60 -> 119785792 | K60: =J60*'Inflation Rates by Year'!$I$2 -> 1.4926588e+08 | L60: =K60/I60 -> 984.45409
A61: 42278 | B61: 60 | C61: Lightning/Natural | D61: 151623 | E61: 119913097 | F61: =I61-I60 -> 0 | G61: =$B$70/$I$59*(F61) -> 0 | H61: =$B$59/SQRT($I$59)*(SQRT(I61)-SQRT(I60)) -> 0 | I61: =D61 -> 151623 | J61: =E61 -> 119913097 | K61: =J61*'Inflation Rates by Year'!$I$2 -> 1.4942452e+08 | L61: =K61/I61 -> 985.50034
A62: 42279 | B62: 61 | C62: Lightning/Natural | D62: 151623 | E62: 120379375 | F62: =I62-I61 -> 0 | G62: =$B$70/$I$59*(F62) -> 0 | H62: =$B$59/SQRT($I$59)*(SQRT(I62)-SQRT(I61)) -> 0 | I62: =D62 -> 151623 | J62: =E62 -> 120379375 | K62: =J62*'Inflation Rates by Year'!$I$2 -> 1.5000555e+08 | L62: =K62/I62 -> 989.33243
A63: 42280 | B63: 62 | C63: Lightning/Natural | D63: 151623 | E63: 120096013 | F63: =I63-I62 -> 0 | G63: =$B$70/$I$59*(F63) -> 0 | H63: =$B$59/SQRT($I$59)*(SQRT(I63)-SQRT(I62)) -> 0 | I63: =D63 -> 151623 | J63: =E63 -> 120096013 | K63: =J63*'Inflation Rates by Year'!$I$2 -> 1.4965245e+08 | L63: =K63/I63 -> 987.00363
A64: 42281 | B64: 63 | C64: Lightning/Natural | D64: 151623 | E64: 120604061 | F64: =I64-I63 -> 0 | G64: =$B$70/$I$59*(F64) -> 0 | H64: =$B$59/SQRT($I$59)*(SQRT(I64)-SQRT(I63)) -> 0 | I64: =D64 -> 151623 | J64: =E64 -> 120604061 | K64: =J64*'Inflation Rates by Year'!$I$2 -> 1.5028553e+08 | L64: =K64/I64 -> 991.179
A65: 42282 | B65: 64 | C65: Lightning/Natural | D65: 151623 | E65: 120714561 | F65: =I65-I64 -> 0 | G65: =$B$70/$I$59*(F65) -> 0 | H65: =$B$59/SQRT($I$59)*(SQRT(I65)-SQRT(I64)) -> 0 | I65: =D65 -> 151623 | J65: =E65 -> 120714561 | K65: =J65*'Inflation Rates by Year'!$I$2 -> 1.5042323e+08 | L65: =K65/I65 -> 992.08714
A66: 42283 | B66: 65 | C66: Lightning/Natural | D66: 151623 | E66: 120805213 | F66: =I66-I65 -> 0 | G66: =$B$70/$I$59*(F66) -> 0 | H66: =$B$59/SQRT($I$59)*(SQRT(I66)-SQRT(I65)) -> 0 | I66: =D66 -> 151623 | J66: =E66 -> 120805213 | K66: =J66*'Inflation Rates by Year'!$I$2 -> 1.5053619e+08 | L66: =K66/I66 -> 992.83216
A67: 42284 | B67: 66 | C67: Lightning/Natural | D67: 151623 | E67: 120855213 | F67: =I67-I66 -> 0 | G67: =$B$70/$I$59*(F67) -> 0 | H67: =$B$59/SQRT($I$59)*(SQRT(I67)-SQRT(I66)) -> 0 | I67: =D67 -> 151623 | J67: =E67 -> 120855213 | K67: =J67*'Inflation Rates by Year'!$I$2 -> 1.505985e+08 | L67: =K67/I67 -> 993.24308
A68: 42285 | B68: 67 | C68: Lightning/Natural | D68: 151623 | E68: 120930359 | F68: =I68-I67 -> 0 | G68: =$B$70/$I$59*(F68) -> 0 | H68: =$B$59/SQRT($I$59)*(SQRT(I68)-SQRT(I67)) -> 0 | I68: =D68 -> 151623 | J68: =E68 -> 120930359 | K68: =J68*'Inflation Rates by Year'!$I$2 -> 1.5069214e+08 | L68: =K68/I68 -> 993.86066
A69: 42289 | B69: 68 | C69: Lightning/Natural | D69: 151623 | E69: 120930359 | F69: =I69-I68 -> 0 | G69: =$B$70/$I$59*(F69) -> 0 | H69: =$B$59/SQRT($I$59)*(SQRT(I69)-SQRT(I68)) -> 0 | I69: =D69 -> 151623 | J69: =E69 -> 120930359 | K69: =J69*'Inflation Rates by Year'!$I$2 -> 1.5069214e+08 | L69: =K69/I69 -> 993.86066
A70: 42290 | B70: 69 | C70: Lightning/Natural | D70: 151623 | E70: 120930243 | F70: =I70-I69 -> 0 | G70: =$B$70/$I$59*(F70) -> 0 | H70: =$B$59/SQRT($I$59)*(SQRT(I70)-SQRT(I69)) -> 0 | I70: =D70 -> 151623 | J70: =E70 -> 120930243 | K70: =J70*'Inflation Rates by Year'!$I$2 -> 1.5069199e+08 | L70: =K70/I70 -> 993.85971
J71: =E71 -> 0

Sheet CarrXLF(6)
A1: Date | B1: Fire Day | C1: Cause | D1: Acres | E1: Cost | F1: growth | G1: As | H1: Ls | I1: Best | J1: ICS 209 Cost | K1: Real Cost (Adjusted for Inflation) | L1: Cost per day per acre
A2: 43304 | B2: 1 | C2: Unknown | D2: 2500 | E2: 1294632 | F2: =I2-0 -> 2500 | G2: =$B$30/$I$30*(F2) -> 0.31569643 | H2: =$B$30/SQRT($I$30)*(SQRT(I2)-SQRT(0)) -> 3.0257555 | I2: =D2 -> 2500 | J2: =E2 -> 1294632 | K2: =J2*'Inflation Rates by Year'!$F$2 -> 1544347.5 | L2: =K2/I2 -> 617.73899
A3: 43305 | B3: 2 | C3: Unknown | D3: 4500 | E3: 2800000 | F3: =I3-I2 -> 2000 | G3: =$B$30/$I$30*(F3) -> 0.25255714 | H3: =$B$30/SQRT($I$30)*(SQRT(I3)-SQRT(I2)) -> 1.0337215 | I3: =D3 -> 4500 | J3: =E3 -> 2800000 | K3: =J3*'Inflation Rates by Year'!$F$2 -> 3340078.8 | L3: =K3/I3 -> 742.23974
A4: 43306 | B4: 3 | C4: Unknown | D4: 20000 | E4: 7100000 | F4: =I4-I3 -> 15500 | G4: =$B$30/$I$30*(F4) -> 1.9573178 | H4: =$B$30/SQRT($I$30)*(SQRT(I4)-SQRT(I3)) -> 4.4986519 | I4: =D4 -> 20000 | J4: =E4 -> 7100000 | K4: =J4*'Inflation Rates by Year'!$F$2 -> 8469485.6 | L4: =K4/I4 -> 423.47428
A5: 43307 | B5: 4 | C5: Unknown | D5: 44450 | E5: 8000000 | F5: =I5-I4 -> 24450 | G5: =$B$30/$I$30*(F5) -> 3.087511 | H5: =$B$30/SQRT($I$30)*(SQRT(I5)-SQRT(I4)) -> 4.2003738 | I5: =D5 -> 44450 | J5: =E5 -> 8000000 | K5: =J5*'Inflation Rates by Year'!$F$2 -> 9543082.3 | L5: =K5/I5 -> 214.69252
A6: 43308 | B6: 5 | C6: Unknown | D6: 80906 | E6: 9657786 | F6: =I6-I5 -> 36456 | G6: =$B$30/$I$30*(F6) -> 4.6036116 | H6: =$B$30/SQRT($I$30)*(SQRT(I6)-SQRT(I5)) -> 4.4544031 | I6: =D6 -> 80906 | J6: =E6 -> 9657786 | K6: =J6*'Inflation Rates by Year'!$F$2 -> 11520631 | L6: =K6/I6 -> 142.39526
A7: 43309 | B7: 6 | C7: Unknown | D7: 80906 | E7: 9657786 | F7: =I7-I6 -> 0 | G7: =$B$30/$I$30*(F7) -> 0 | H7: =$B$30/SQRT($I$30)*(SQRT(I7)-SQRT(I6)) -> 0 | I7: =D7 -> 80906 | J7: =E7 -> 9657786 | K7: =J7*'Inflation Rates by Year'!$F$2 -> 11520631 | L7: =K7/I7 -> 142.39526
A8: 43310 | B8: 7 | C8: Unknown | D8: 95368 | E8: 20352931 | F8: =I8-I7 -> 14462 | G8: =$B$30/$I$30*(F8) -> 1.8262407 | H8: =$B$30/SQRT($I$30)*(SQRT(I8)-SQRT(I7)) -> 1.4751949 | I8: =D8 -> 95368 | J8: =E8 -> 20352931 | K8: =J8*'Inflation Rates by Year'!$F$2 -> 24278712 | L8: =K8/I8 -> 254.57923
A9: 43311 | B9: 8 | C9: Unknown | D9: 110154 | E9: 25400700 | F9: =I9-I8 -> 14786 | G9: =$B$30/$I$30*(F9) -> 1.8671549 | H9: =$B$30/SQRT($I$30)*(SQRT(I9)-SQRT(I8)) -> 1.3965352 | I9: =D9 -> 110154 | J9: =E9 -> 25400700 | K9: =J9*'Inflation Rates by Year'!$F$2 -> 30300121 | L9: =K9/I9 -> 275.07055
A10: 43312 | B10: 9 | C10: Other | D10: 115538 | E10: 29951177 | F10: =I10-I9 -> 5384 | G10: =$B$30/$I$30*(F10) -> 0.67988382 | H10: =$B$30/SQRT($I$30)*(SQRT(I10)-SQRT(I9)) -> 0.4849832 | I10: =D10 -> 115538 | J10: =E10 -> 29951177 | K10: =J10*'Inflation Rates by Year'!$F$2 -> 35728319 | L10: =K10/I10 -> 309.23435
A11: 43313 | B11: 10 | C11: Other | D11: 121049 | E11: 35491671 | F11: =I11-I10 -> 5511 | G11: =$B$30/$I$30*(F11) -> 0.6959212 | H11: =$B$30/SQRT($I$30)*(SQRT(I11)-SQRT(I10)) -> 0.48485655 | I11: =D11 -> 121049 | J11: =E11 -> 35491671 | K11: =J11*'Inflation Rates by Year'!$F$2 -> 42337492 | L11: =K11/I11 -> 349.75499
A12: 43314 | B12: 11 | C12: Unknown | D12: 126913 | E12: 41212686 | F12: =I12-I11 -> 5864 | G12: =$B$30/$I$30*(F12) -> 0.74049754 | H12: =$B$30/SQRT($I$30)*(SQRT(I12)-SQRT(I11)) -> 0.50394204 | I12: =D12 -> 126913 | J12: =E12 -> 41212686 | K12: =J12*'Inflation Rates by Year'!$F$2 -> 49162007 | L12: =K12/I12 -> 387.36778
A13: 43315 | B13: 12 | C13: Unknown | D13: 141825 | E13: 49213273 | F13: =I13-I12 -> 14912 | G13: =$B$30/$I$30*(F13) -> 1.883066 | H13: =$B$30/SQRT($I$30)*(SQRT(I13)-SQRT(I12)) -> 1.2313671 | I13: =D13 -> 141825 | J13: =E13 -> 49213273 | K13: =J13*'Inflation Rates by Year'!$F$2 -> 58705790 | L13: =K13/I13 -> 413.93118
A14: 43316 | B14: 13 | C14: Unknown | D14: 154524 | E14: 55874784 | F14: =I14-I13 -> 12699 | G14: =$B$30/$I$30*(F14) -> 1.6036116 | H14: =$B$30/SQRT($I$30)*(SQRT(I14)-SQRT(I13)) -> 0.99842713 | I14: =D14 -> 154524 | J14: =E14 -> 55874784 | K14: =J14*'Inflation Rates by Year'!$F$2 -> 66652208 | L14: =K14/I14 -> 431.33887
... A30: 43332 | B30: 29 | C30: Unknown | D30: 229651 | E30: 145090213 | F30: =I30-I29 -> 2553 | G30: =$B$30/$I$30*(F30) -> 0.32238919 | H30: =$B$30/SQRT($I$30)*(SQRT(I30)-SQRT(I29)) -> 0.1616451 | I30: =D30 -> 229651 | J30: =E30 -> 145090213 | K30: =J30*'Inflation Rates by Year'!$F$2 -> 1.7307598e+08 | L30: =K30/I30 -> 753.64785
A31: 43333 | B31: 30 | C31: Unknown | D31: 229651 | E31: 148072022 | F31: =I31-I30 -> 0 | G31: =$B$30/$I$30*(F31) -> 0 | H31: =$B$70/SQRT($I$36)*(SQRT(I31)-SQRT(I30)) -> 0 | I31: =D31 -> 229651 | J31: =E31 -> 148072022 | K31: =J31*'Inflation Rates by Year'!$F$2 -> 1.7663294e+08 | L31: =K31/I31 -> 769.13637
A32: 43334 | B32: 31 | C32: Unknown | D32: 229651 | E32: 152990609 | F32: =I32-I31 -> 0 | G32: =$B$30/$I$30*(F32) -> 0 | H32: =$B$70/SQRT($I$36)*(SQRT(I32)-SQRT(I31)) -> 0 | I32: =D32 -> 229651 | J32: =E32 -> 152990609 | K32: =J32*'Inflation Rates by Year'!$F$2 -> 1.8250025e+08 | L32: =K32/I32 -> 794.68519
A33: 43335 | B33: 32 | C33: Unknown | D33: 229651 | E33: 153856086 | F33: =I33-I32 -> 0 | G33: =$B$30/$I$30*(F33) -> 0 | H33: =$B$70/SQRT($I$36)*(SQRT(I33)-SQRT(I32)) -> 0 | I33: =D33 -> 229651 | J33: =E33 -> 153856086 | K33: =J33*'Inflation Rates by Year'!$F$2 -> 1.8353266e+08 | L33: =K33/I33 -> 799.18077
A34: 43336 | B34: 33 | C34: Unknown | D34: 229651 | E34: 154670879 | F34: =I34-I33 -> 0 | G34: =$B$30/$I$30*(F34) -> 0 | H34: =$B$70/SQRT($I$36)*(SQRT(I34)-SQRT(I33)) -> 0 | I34: =D34 -> 229651 | J34: =E34 -> 154670879 | K34: =J34*'Inflation Rates by Year'!$F$2 -> 1.8450462e+08 | L34: =K34/I34 -> 803.41308
A35: 43337 | B35: 34 | C35: Unknown | D35: 229651 | E35: 155485672 | F35: =I35-I34 -> 0 | G35: =$B$30/$I$30*(F35) -> 0 | H35: =$B$70/SQRT($I$36)*(SQRT(I35)-SQRT(I34)) -> 0 | I35: =D35 -> 229651 | J35: =E35 -> 155485672 | K35: =J35*'Inflation Rates by Year'!$F$2 -> 1.8547657e+08 | L35: =K35/I35 -> 807.64539
A36: 43338 | B36: 35 | C36: Unknown | D36: 229651 | E36: 156300465 | F36: =I36-I35 -> 0 | G36: =$B$30/$I$30*(F36) -> 0 | H36: =$B$70/SQRT($I$36)*(SQRT(I36)-SQRT(I35)) -> 0 | I36: =D36 -> 229651 | J36: =E36 -> 156300465 | K36: =J36*'Inflation Rates by Year'!$F$2 -> 1.8644853e+08 | L36: =K36/I36 -> 811.8777
A37: 43339 | B37: 36 | C37: Unknown | D37: 229651 | E37: 157115258 | F37: =I37-I36 -> 0 | G37: =$B$30/$I$30*(F37) -> 0 | H37: =$B$70/SQRT($I$36)*(SQRT(I37)-SQRT(I36)) -> 0 | I37: =D37 -> 229651 | J37: =E37 -> 157115258 | K37: =J37*'Inflation Rates by Year'!$F$2 -> 1.8742048e+08 | L37: =K37/I37 -> 816.11001
A38: 43340 | B38: 37 | C38: Unknown | D38: 229651 | E38: 157930051 | F38: =I38-I37 -> 0 | G38: =$B$30/$I$30*(F38) -> 0 | H38: =$B$70/SQRT($I$36)*(SQRT(I38)-SQRT(I37)) -> 0 | I38: =D38 -> 229651 | J38: =E38 -> 157930051 | K38: =J38*'Inflation Rates by Year'!$F$2 -> 1.8839244e+08 | L38: =K38/I38 -> 820.34232
A39: 43341 | B39: 38 | C39: Unknown | D39: 229651 | E39: 158744844 | F39: =I39-I38 -> 0 | G39: =$B$30/$I$30*(F39) -> 0 | H39: =$B$70/SQRT($I$36)*(SQRT(I39)-SQRT(I38)) -> 0 | I39: =D39 -> 229651 | J39: =E39 -> 158744844 | K39: =J39*'Inflation Rates by Year'!$F$2 -> 1.8936439e+08 | L39: =K39/I39 -> 824.57464

Sheet CarltonCplxFOUS (33)
A1: Fire_# | B1: Name | C1: Lat | D1: Lon | E1: Date | F1: Size | G1: Fire_Day | H1: Ls | I1: Acres_Growth | J1: Scaled_Acres_Gr.
A2: 3 | B2: CarltonCplx | C2: 48.218 | D2: 239.822 | E2: 20140715 | F2: 1728 | G2: 1 | H2: 1.32 | I2: 1728 | J2: 0.11
A3: 3 | B3: CarltonCplx | C3: 48.218 | D3: 239.822 | E3: 20140716 | F3: 7274 | G3: 2 | H3: 1.39 | I3: 5546 | J3: 0.35
A4: 3 | B4: CarltonCplx | C4: 48.218 | D4: 239.822 | E4: 20140717 | F4: 167712 | G4: 3 | H4: 10.32 | I4: 160438 | J4: 10.16
A5: 3 | B5: CarltonCplx | C5: 48.218 | D5: 239.822 | E5: 20140718 | F5: 215152 | G5: 4 | H5: 1.73 | I5: 47440 | J5: 3
A6: 3 | B6: CarltonCplx | C6: 48.218 | D6: 239.822 | E6: 20140719 | F6: 237890 | G6: 5 | H6: 0.76 | I6: 22738 | J6: 1.44
A7: 3 | B7: CarltonCplx | C7: 48.218 | D7: 239.822 | E7: 20140720 | F7: 243291 | G7: 6 | H7: 0.18 | I7: 5401 | J7: 0.34
A8: 3 | B8: CarltonCplx | C8: 48.218 | D8: 239.822 | E8: 20140721 | F8: 250136 | G8: 7 | H8: 0.22 | I8: 6845 | J8: 0.43
A9: 3 | B9: CarltonCplx | C9: 48.218 | D9: 239.822 | E9: 20140722 | F9: 250259 | G9: 8 | H9: 0 | I9: 123 | J9: 0.01
A10: 3 | B10: CarltonCplx | C10: 48.218 | D10: 239.822 | E10: 20140723 | F10: 250491 | G10: 9 | H10: 0.01 | I10: 232 | J10: 0.01
A11: 3 | B11: CarltonCplx | C11: 48.218 | D11: 239.822 | E11: 20140724 | F11: 250514 | G11: 10 | H11: 0 | I11: 23 | J11: 0
A12: 3 | B12: CarltonCplx | C12: 48.218 | D12: 239.822 | E12: 20140725 | G12: 11
A13: 3 | B13: CarltonCplx | C13: 48.218 | D13: 239.822 | E13: 20140726 | F13: 250652 | G13: 12
A14: 3 | B14: CarltonCplx | C14: 48.218 | D14: 239.822 | E14: 20140727 | F14: 250806 | G14: 13 | H14: 0 | I14: 154 | J14: 0.01
A15: 3 | B15: CarltonCplx | C15: 48.218 | D15: 239.822 | E15: 20140728 | F15: 251025 | G15: 14 | H15: 0.01 | I15: 219 | J15: 0.01
A16: 3 | B16: CarltonCplx | C16: 48.218 | D16: 239.822 | E16: 20140729 | F16: 251698 | G16: 15 | H16: 0.02 | I16: 673 | J16: 0.04
A17: 3 | B17: CarltonCplx | C17: 48.218 | D17: 239.822 | E17: 20140730 | F17: 252761 | G17: 16 | H17: 0.03 | I17: 1063 | J17: 0.07

Sheet BasinFOUS(32)
A1: Date | B1: Fire_Day | C1: Size | D1: Ls | E1: Acres_Growth | F1: Scaled_Acres_Gr.
A2: 20080622 | B2: 1 | C2: 2000 | D2: 3.77 | E2: 2000 | F2: 0.42
A3: 20080623 | B3: 2 | C3: 8500 | D3: 4 | E3: 6500 | F3: 1.36
A4: 20080624 | B4: 3 | C4: 13550 | D4: 2.04 | E4: 5050 | F4: 1.05
A5: 20080625 | B5: 4 | C5: 20600 | D5: 2.29 | E5: 7050 | F5: 1.47
A6: 20080626 | B6: 5 | C6: 26763 | D6: 1.69 | E6: 6163 | F6: 1.29
A7: 20080627 | B7: 6 | C7: 26876 | D7: 0.03 | E7: 113 | F7: 0.02
A8: 20080628 | B8: 7 | C8: 30043 | D8: 0.79 | E8: 3167 | F8: 0.66
A9: 20080629 | B9: 8 | C9: 35286 | D9: 1.22 | E9: 5243 | F9: 1.09
A10: 20080630 | B10: 9 | C10: 39906 | D10: 1 | E10: 4620 | F10: 0.96
A11: 20080701 | B11: 10 | C11: 51985 | D11: 2.38 | E11: 12079 | F11: 2.52
A12: 20080702 | B12: 11 | C12: 61275 | D12: 1.65 | E12: 9290 | F12: 1.94
A13: 20080703 | B13: 12 | C13: 64305 | D13: 0.51 | E13: 3030 | F13: 0.63
... A35: 20080725 | B35: 34 | C35: 162818 | D35: 1.37 | E35: 12894 | F35: 2.69

Sheet ChetcoBarFOUS(34)
A1: Fire_# | B1: Name | C1: Lat | D1: Lon | E1: Date | F1: Size | G1: Fire_Day | H1: Ls | I1: Acres_Growth | J1: Scaled_Acres_Gr.
A2: 4 | B2: ChetcoBar | C2: 42.249 | D2: 236.046 | E2: 20170712 | F2: 0 | G2: 1
A3: 4 | B3: ChetcoBar | C3: 42.249 | D3: 236.046 | E3: 20170713 | G3: 2
A4: 4 | B4: ChetcoBar | C4: 42.249 | D4: 236.046 | E4: 20170714 | F4: 45 | G4: 3
A5: 4 | B5: ChetcoBar | C5: 42.249 | D5: 236.046 | E5: 20170715 | G5: 4
A6: 4 | B6: ChetcoBar | C6: 42.249 | D6: 236.046 | E6: 20170716 | G6: 5
A7: 4 | B7: ChetcoBar | C7: 42.249 | D7: 236.046 | E7: 20170717 | G7: 6
A8: 4 | B8: ChetcoBar | C8: 42.249 | D8: 236.046 | E8: 20170718 | F8: 300 | G8: 7
A9: 4 | B9: ChetcoBar | C9: 42.249 | D9: 236.046 | E9: 20170719 | G9: 8
A10: 4 | B10: ChetcoBar | C10: 42.249 | D10: 236.046 | E10: 20170720 | F10: 503 | G10: 9
A11: 4 | B11: ChetcoBar | C11: 42.249 | D11: 236.046 | E11: 20170721 | G11: 10
A12: 4 | B12: ChetcoBar | C12: 42.249 | D12: 236.046 | E12: 20170722 | G12: 11
A13: 4 | B13: ChetcoBar | C13: 42.249 | D13: 236.046 | E13: 20170723 | G13: 12
A14: 4 | B14: ChetcoBar | C14: 42.249 | D14: 236.046 | E14: 20170724 | F14: 1418 | G14: 13
A15: 4 | B15: ChetcoBar | C15: 42.249 | D15: 236.046 | E15: 20170725 | F15: 1693 | G15: 14 | H15: 0.61 | I15: 275 | J15: 0.11
A16: 4 | B16: ChetcoBar | C16: 42.249 | D16: 236.046 | E16: 20170726 | F16: 1840 | G16: 15 | H16: 0.3 | I16: 147 | J16: 0.06
A17: 4 | B17: ChetcoBar | C17: 42.249 | D17: 236.046 | E17: 20170727 | F17: 1995 | G17: 16 | H17: 0.31 | I17: 155 | J17: 0.06
A18: 4 | B18: ChetcoBar | C18: 42.249 | D18: 236.046 | E18: 20170728 | F18: 2091 | G18: 17 | H18: 0.18 | I18: 96 | J18: 0.04
A19: 4 | B19: ChetcoBar | C19: 42.249 | D19: 236.046 | E19: 20170729 | F19: 2877 | G19: 18 | H19: 1.38 | I19: 786 | J19: 0.31
A20: 4 | B20: ChetcoBar | C20: 42.249 | D20: 236.046 | E20: 20170730 | G20: 19
A21: 4 | B21: ChetcoBar | C21: 42.249 | D21: 236.046 | E21: 20170731 | F21: 2907 | G21: 20
A22: 4 | B22: ChetcoBar | C22: 42.249 | D22: 236.046 | E22: 20170801 | F22: 3636 | G22: 21 | H22: 1.11 | I22: 729 | J22: 0.29
A23: 4 | B23: ChetcoBar | C23: 42.249 | D23: 236.046 | E23: 20170802 | F23: 4137 | G23: 22 | H23: 0.7 | I23: 501 | J23: 0.2
A24: 4 | B24: ChetcoBar | C24: 42.249 | D24: 236.046 | E24: 20170803 | F24: 4228 | G24: 23 | H24: 0.12 | I24: 91 | J24: 0.04
A25: 4 | B25: ChetcoBar | C25: 42.249 | D25: 236.046 | E25: 20170804 | F25: 4341 | G25: 24 | H25: 0.15 | I25: 113 | J25: 0.04
A26: 4 | B26: ChetcoBar | C26: 42.249 | D26: 236.046 | E26: 20170805 | F26: 4533 | G26: 25 | H26: 0.25 | I26: 192 | J26: 0.08
A27: 4 | B27: ChetcoBar | C27: 42.249 | D27: 236.046 | E27: 20170806 | F27: 4583 | G27: 26 | H27: 0.06 | I27: 50 | J27: 0.02
A28: 4 | B28: ChetcoBar | C28: 42.249 | D28: 236.046 | E28: 20170807 | F28: 4821 | G28: 27 | H28: 0.3 | I28: 238 | J28: 0.09
A29: 4 | B29: ChetcoBar | C29: 42.249 | D29: 236.046 | E29: 20170808 | F29: 4871 | G29: 28 | H29: 0.06 | I29: 50 | J29: 0.02
A30: 4 | B30: ChetcoBar | C30: 42.249 | D30: 236.046 | E30: 20170809 | F30: 5036 | G30: 29 | H30: 0.2 | I30: 165 | J30: 0.07
A31: 4 | B31: ChetcoBar | C31: 42.249 | D31: 236.046 | E31: 20170810 | F31: 5286 | G31: 30 | H31: 0.3 | I31: 250 | J31: 0.1
A32: 4 | B32: ChetcoBar | C32: 42.249 | D32: 236.046 | E32: 20170811 | F32: 5328 | G32: 31 | H32: 0.05 | I32: 42 | J32: 0.02
A33: 4 | B33: ChetcoBar | C33: 42.249 | D33: 236.046 | E33: 20170812 | F33: 5358 | G33: 32 | H33: 0.04 | I33: 30 | J33: 0.01
... A53: 4 | B53: ChetcoBar | C53: 42.249 | D53: 236.046 | E53: 20170901 | F53: 142857 | G53: 52 | H53: 1.08 | I53: 4645 | J53: 1.85
A54: 4 | B54: ChetcoBar | C54: 42.249 | D54: 236.046 | E54: 20170902 | G54: 53
A55: 4 | B55: ChetcoBar | C55: 42.249 | D55: 236.046 | E55: 20170903 | G55: 54
A56: 4 | B56: ChetcoBar | C56: 42.249 | D56: 236.046 | E56: 20170904 | F56: 176771 | G56: 55
A57: 4 | B57: ChetcoBar | C57: 42.249 | D57: 236.046 | E57: 20170905 | G57: 56
A58: 4 | B58: ChetcoBar | C58: 42.249 | D58: 236.046 | E58: 20170906 | F58: 177301 | G58: 57
A59: 4 | B59: ChetcoBar | C59: 42.249 | D59: 236.046 | E59: 20170907 | G59: 58
A60: 4 | B60: ChetcoBar | C60: 42.249 | D60: 236.046 | E60: 20170908 | F60: 182244 | G60: 59
A61: 4 | B61: ChetcoBar | C61: 42.249 | D61: 236.046 | E61: 20170909 | F61: 184254 | G61: 60 | H61: 0.41 | I61: 2010 | J61: 0.8
A62: 4 | B62: ChetcoBar | C62: 42.249 | D62: 236.046 | E62: 20170910 | F62: 184267 | G62: 61 | H62: 0 | I62: 13 | J62: 0.01
A63: 4 | B63: ChetcoBar | C63: 42.249 | D63: 236.046 | E63: 20170911 | F63: 185618 | G63: 62 | H63: 0.27 | I63: 1351 | J63: 0.54
A64: 4 | B64: ChetcoBar | C64: 42.249 | D64: 236.046 | E64: 20170912 | F64: 185920 | G64: 63 | H64: 0.06 | I64: 302 | J64: 0.12
A65: 4 | B65: ChetcoBar | C65: 42.249 | D65: 236.046 | E65: 20170913 | F65: 186365 | G65: 64 | H65: 0.09 | I65: 445 | J65: 0.18
A66: 4 | B66: ChetcoBar | C66: 42.249 | D66: 236.046 | E66: 20170914 | F66: 188284 | G66: 65 | H66: 0.39 | I66: 1919 | J66: 0.76
A67: 4 | B67: ChetcoBar | C67: 42.249 | D67: 236.046 | E67: 20170915 | F67: 189562 | G67: 66 | H67: 0.26 | I67: 1278 | J67: 0.51
A68: 4 | B68: ChetcoBar | C68: 42.249 | D68: 236.046 | E68: 20170916 | G68: 67
A69: 4 | B69: ChetcoBar | C69: 42.249 | D69: 236.046 | E69: 20170917 | F69: 189787 | G69: 68
A70: 4 | B70: ChetcoBar | C70: 42.249 | D70: 236.046 | E70: 20170918 | F70: 190512 | G70: 69 | H70: 0.14 | I70: 725 | J70: 0.29
A71: 4 | B71: ChetcoBar | C71: 42.249 | D71: 236.046 | E71: 20170919 | G71: 70
A72: 4 | B72: ChetcoBar | C72: 42.249 | D72: 236.046 | E72: 20170920 | G72: 71
A73: 4 | B73: ChetcoBar | C73: 42.249 | D73: 236.046 | E73: 20170921 | G73: 72
A74: 4 | B74: ChetcoBar | C74: 42.249 | D74: 236.046 | E74: 20170922 | F74: 191071 | G74: 73
A75: 4 | B75: ChetcoBar | C75: 42.249 | D75: 236.046 | E75: 20170923 | G75: 74
A76: 4 | B76: ChetcoBar | C76: 42.249 | D76: 236.046 | E76: 20170924 | G76: 75
A77: 4 | B77: ChetcoBar | C77: 42.249 | D77: 236.046 | E77: 20170925 | F77: 191088 | G77: 76
A78: 4 | B78: ChetcoBar | C78: 42.249 | D78: 236.046 | E78: 20170926
A79: 4 | B79: ChetcoBar | C79: 42.249 | D79: 236.046 | E79: 20170927
A80: 4 | B80: ChetcoBar | C80: 42.249 | D80: 236.046 | E80: 20170928
A81: 4 | B81: ChetcoBar | C81: 42.249 | D81: 236.046 | E81: 20170929

Sheet AshCreekFOUS(31)
A1: Date | B1: Fire_Day | C1: Size | D1: Ls | E1: Acres_Growth | F1: Scaled_Acres_Gr.
A2: 20120625 | B2: 1 | C2: 40000 | D2: 5.2 | E2: 40000 | F2: 2.08
A3: 20120626 | B3: 2 | C3: 109944 | D3: 4.31 | E3: 69944 | F3: 3.64
A4: 20120627 | B4: 3
A5: 20120628 | B5: 4
A6: 20120629 | B6: 5 | C6: 157338
A7: 20120630 | B7: 6
A8: 20120701 | B8: 7 | C8: 170842
A9: 20120702 | B9: 8 | C9: 186800 | D9: 0.49 | E9: 15958 | F9: 0.83
A10: 20120703 | B10: 9 | C10: 244468 | D10: 1.62 | E10: 57668 | F10: 3
A11: 20120704 | B11: 10 | C11: 248593 | D11: 0.11 | E11: 4125 | F11: 0.21
A12: 20120705 | B12: 11
A13: 20120706 | B13: 12
A14: 20120707 | B14: 13 | C14: 249562

Sheet JohnsonXLF(3)
B1: Fire Day | C1: Cause | F1: growth | G1: As | H1: Ls | I1: Best | J1: ICS 209 Cost | K1: Real Cost (Adjusted for Inflation) | L1: Cost per day per acre
A2: 44336 | B2: 1 | C2: Undetermined | D2: 250 | E2: 50000 | F2: =I2-0 -> 250 | G2: =35/$I$36*(F2) -> 0.098405272 | H2: =$B$36/SQRT($I$36)*(SQRT(I2)-SQRT(0)) -> 1.8558514 | I2: 250 | J2: 50000 | K2: =J2*'Inflation Rates by Year'!$C$2 -> 56538 | L2: =K2/I2 -> 226.152
A3: 44337 | B3: 2 | C3: Undetermined | D3: 4131 | E3: 151846 | F3: =I3-I2 -> 3881 | G3: =35/$I$36*(F3) -> 1.5276434 | H3: =$B$36/SQRT($I$36)*(SQRT(I3)-SQRT(I2)) -> 5.6881333 | I3: 4131 | J3: 151846 | K3: =J3*'Inflation Rates by Year'!$C$2 -> 171701.38 | L3: =K3/I3 -> 41.564121
A4: 44338 | B4: 3 | C4: Lightning/Natural | D4: 6093 | E4: 200000 | F4: =I4-I3 -> 1962 | G4: =35/$I$36*(F4) -> 0.77228458 | H4: =$B$36/SQRT($I$36)*(SQRT(I4)-SQRT(I3)) -> 1.6179837 | I4: 6093 | J4: 200000 | K4: =J4*'Inflation Rates by Year'!$C$2 -> 226152 | L4: =K4/I4 -> 37.116691
A5: 44339 | B5: 4 | C5: Undetermined | D5: 7300 | E5: 258650 | F5: =I5-I4 -> 1207 | G5: =35/$I$36*(F5) -> 0.47510065 | H5: =$B$36/SQRT($I$36)*(SQRT(I5)-SQRT(I4)) -> 0.86650047 | I5: 7300 | J5: 258650 | K5: =J5*'Inflation Rates by Year'!$C$2 -> 292471.07 | L5: =K5/I5 -> 40.064531
A6: 44340 | B6: 5 | C6: Undetermined | D6: 11300 | E6: 250000 | F6: =I6-I5 -> 4000 | G6: =35/$I$36*(F6) -> 1.5744844 | H6: =$B$36/SQRT($I$36)*(SQRT(I6)-SQRT(I5)) -> 2.4485957 | I6: 11300 | J6: 250000 | K6: =J6*'Inflation Rates by Year'!$C$2 -> 282690 | L6: =K6/I6 -> 25.016814
A7: 44341 | B7: 6 | C7: Lightning/Natural | D7: 13417 | E7: 431000 | F7: =I7-I6 -> 2117 | G7: =35/$I$36*(F7) -> 0.83329585 | H7: =$B$36/SQRT($I$36)*(SQRT(I7)-SQRT(I6)) -> 1.1186147 | I7: 13417 | J7: 431000 | K7: =J7*'Inflation Rates by Year'!$C$2 -> 487357.56 | L7: =K7/I7 -> 36.323885
A8: 44342 | B8: 7 | C8: Undetermined | D8: 18184 | E8: 481242 | F8: =I8-I7 -> 4767 | G8: =35/$I$36*(F8) -> 1.8763917 | H8: =$B$36/SQRT($I$36)*(SQRT(I8)-SQRT(I7)) -> 2.2320245 | I8: 18184 | J8: 481242 | K8: =J8*'Inflation Rates by Year'!$C$2 -> 544169.2 | L8: =K8/I8 -> 29.925715
A9: 44343 | B9: 8 | C9: Lightning/Natural | D9: 23500 | E9: 548047 | F9: =I9-I8 -> 5316 | G9: =35/$I$36*(F9) -> 2.0924897 | H9: =$B$36/SQRT($I$36)*(SQRT(I9)-SQRT(I8)) -> 2.1654434 | I9: 23500 | J9: 548047 | K9: =J9*'Inflation Rates by Year'!$C$2 -> 619709.63 | L9: =K9/I9 -> 26.370622
A10: 44344 | B10: 9 | C10: Lightning/Natural | D10: 26446 | E10: 610466 | F10: =I10-I9 -> 2946 | G10: =35/$I$36*(F10) -> 1.1596077 | H10: =$B$36/SQRT($I$36)*(SQRT(I10)-SQRT(I9)) -> 1.0945351 | I10: 26446 | J10: 610466 | K10: =J10*'Inflation Rates by Year'!$C$2 -> 690290.53 | L10: =K10/I10 -> 26.101888
A11: 44345 | B11: 10 | C11: Undetermined | D11: 26446 | E11: 610466 | F11: =I11-I10 -> 0 | G11: =35/$I$36*(F11) -> 0 | H11: =$B$36/SQRT($I$36)*(SQRT(I11)-SQRT(I10)) -> 0 | I11: 26446 | J11: 610466 | K11: =J11*'Inflation Rates by Year'!$C$2 -> 690290.53 | L11: =K11/I11 -> 26.101888
A12: 44346 | B12: 11 | C12: Undetermined | D12: 30826 | E12: 787146 | F12: =I12-I11 -> 4380 | G12: =35/$I$36*(F12) -> 1.7240604 | H12: =$B$36/SQRT($I$36)*(SQRT(I12)-SQRT(I11)) -> 1.5201252 | I12: 30826 | J12: 787146 | K12: =J12*'Inflation Rates by Year'!$C$2 -> 890073.21 | L12: =K12/I12 -> 28.874107
A13: 44347 | B13: 12 | C13: Lightning/Natural | D13: 34944 | E13: 902556 | F13: =I13-I12 -> 4118 | G13: =35/$I$36*(F13) -> 1.6209316 | H13: =$B$36/SQRT($I$36)*(SQRT(I13)-SQRT(I12)) -> 1.3333487 | I13: 34944 | J13: 902556 | K13: =J13*'Inflation Rates by Year'!$C$2 -> 1020574.2 | L13: =K13/I13 -> 29.205993
A14: 44349 | B14: 13 | C14: Undetermined | D14: 38225 | E14: 1100000 | F14: =I14-I13 -> 3281 | G14: =35/$I$36*(F14) -> 1.2914708 | H14: =$B$36/SQRT($I$36)*(SQRT(I14)-SQRT(I13)) -> 1.0069551 | I14: 38225 | J14: 1100000 | K14: =J14*'Inflation Rates by Year'!$C$2 -> 1243836 | L14: =K14/I14 -> 32.539856
A15: 44350 | B15: 14 | C15: Undetermined | D15: 38300 | E15: 1332556 | F15: =I15-I14 -> 75 | G15: =$B$36/$I$36*(F15) -> 0.029521582 | H15: =$B$36/SQRT($I$36)*(SQRT(I15)-SQRT(I14)) -> 0.022501831 | I15: 38300 | J15: 1332556 | K15: =J15*'Inflation Rates by Year'!$C$2 -> 1506801 | L15: =K15/I15 -> 39.342063
A16: 44351 | B16: 15 | C16: Undetermined | D16: 38400 | E16: 1529815 | F16: =I16-I15 -> 100 | G16: =$B$36/$I$36*(F16) -> 0.039362109 | H16: =$B$36/SQRT($I$36)*(SQRT(I16)-SQRT(I15)) -> 0.029968197 | I16: 38400 | J16: 1529815 | K16: =J16*'Inflation Rates by Year'!$C$2 -> 1729853.6 | L16: =K16/I16 -> 45.048271
A17: 44352 | B17: 16 | C17: Undetermined | D17: 41201 | E17: 1798778.3 | F17: =I17-I16 -> 2801 | G17: =$B$36/$I$36*(F17) -> 1.1025327 | H17: =$B$36/SQRT($I$36)*(SQRT(I17)-SQRT(I16)) -> 0.82409883 | I17: 41201 | J17: 1798778.3 | K17: =J17*'Inflation Rates by Year'!$C$2 -> 2033986.6 | L17: =K17/I17 -> 49.367408
A18: 44353 | B18: 17 | C18: Undetermined | D18: 42126 | E18: 2138515 | F18: =I18-I17 -> 925 | G18: =$B$36/$I$36*(F18) -> 0.36409951 | H18: =$B$36/SQRT($I$36)*(SQRT(I18)-SQRT(I17)) -> 0.26595843 | I18: 42126 | J18: 2138515 | K18: =J18*'Inflation Rates by Year'!$C$2 -> 2418147.2 | L18: =K18/I18 -> 57.402726
A19: 44354 | B19: 18 | C19: Undetermined | D19: 43792 | E19: 2357912 | F19: =I19-I18 -> 1666 | G19: =$B$36/$I$36*(F19) -> 0.65577273 | H19: =$B$36/SQRT($I$36)*(SQRT(I19)-SQRT(I18)) -> 0.47174959 | I19: 43792 | J19: 2357912 | K19: =J19*'Inflation Rates by Year'!$C$2 -> 2666232.6 | L19: =K19/I19 -> 60.88401
A20: 44357 | B20: 19 | C20: Lightning/Natural | D20: 50384 | E20: 3035888 | F20: =I20-I19 -> 6592 | G20: =$B$36/$I$36*(F20) -> 2.5947502 | H20: =$B$36/SQRT($I$36)*(SQRT(I20)-SQRT(I19)) -> 1.7839051 | I20: 50384 | J20: 3035888 | K20: =J20*'Inflation Rates by Year'!$C$2 -> 3432860.7 | L20: =K20/I20 -> 68.133945
A21: 44358 | B21: 20 | C21: Lightning/Natural | D21: 54203 | E21: 3295233.1 | F21: =I21-I20 -> 3819 | G21: =$B$36/$I$36*(F21) -> 1.5032389 | H21: =$B$36/SQRT($I$36)*(SQRT(I21)-SQRT(I20)) -> 0.98026033 | I21: 54203 | J21: 3295233.1 | K21: =J21*'Inflation Rates by Year'!$C$2 -> 3726117.8 | L21: =K21/I21 -> 68.743756
A22: 44359 | B22: 21 | C22: Undetermined | D22: 63551 | E22: 3540364 | F22: =I22-I21 -> 9348 | G22: =$B$36/$I$36*(F22) -> 3.6795699 | H22: =$B$36/SQRT($I$36)*(SQRT(I22)-SQRT(I21)) -> 2.2627262 | I22: 63551 | J22: 3540364 | K22: =J22*'Inflation Rates by Year'!$C$2 -> 4003302 | L22: =K22/I22 -> 62.993532
A23: 44360 | B23: 22 | C23: Lightning/Natural | D23: 65289 | E23: 3863650.8 | F23: =I23-I22 -> 1738 | G23: =$B$36/$I$36*(F23) -> 0.68411345 | H23: =$B$36/SQRT($I$36)*(SQRT(I23)-SQRT(I22)) -> 0.40187639 | I23: 65289 | J23: 3863650.8 | K23: =J23*'Inflation Rates by Year'!$C$2 -> 4368861.8 | L23: =K23/I23 -> 66.915741
A24: 44361 | B24: 23 | C24: Undetermined | D24: 73069 | E24: 4102499.9 | F24: =I24-I23 -> 7780 | G24: =$B$36/$I$36*(F24) -> 3.0623721 | H24: =$B$36/SQRT($I$36)*(SQRT(I24)-SQRT(I23)) -> 1.7366309 | I24: 73069 | J24: 4102499.9 | K24: =J24*'Inflation Rates by Year'!$C$2 -> 4638942.8 | L24: =K24/I24 -> 63.487153
A25: 44362 | B25: 24 | C25: Undetermined | D25: 73069 | E25: 4398512 | F25: =I25-I24 -> 0 | G25: =$B$36/$I$36*(F25) -> 0 | H25: =$B$36/SQRT($I$36)*(SQRT(I25)-SQRT(I24)) -> 0 | I25: 73069 | J25: 4398512 | K25: =J25*'Inflation Rates by Year'!$C$2 -> 4973661.4 | L25: =K25/I25 -> 68.06801
A26: 44363 | B26: 25 | C26: Undetermined | D26: 73069 | E26: 4786510 | F26: =I26-I25 -> 0 | G26: =$B$36/$I$36*(F26) -> 0 | H26: =$B$36/SQRT($I$36)*(SQRT(I26)-SQRT(I25)) -> 0 | I26: 73069 | J26: 4786510 | K26: =J26*'Inflation Rates by Year'!$C$2 -> 5412394 | L26: =K26/I26 -> 74.072371
... A36: 44373 | B36: 35 | C36: Undetermined | D36: 88918 | E36: 7105352 | F36: =I36-I35 -> 498 | G36: =$B$36/$I$36*(F36) -> 0.1960233 | H36: =$B$36/SQRT($I$36)*(SQRT(I36)-SQRT(I35)) -> 0.098149269 | I36: 88918 | J36: 7105352 | K36: =J36*'Inflation Rates by Year'!$C$2 -> 8034447.8 | L36: =K36/I36 -> 90.357946
A37: 44374 | B37: 36 | C37: Undetermined | D37: 88918 | E37: 7214701 | I37: 88918 | J37: 7214701 | K37: =J37*'Inflation Rates by Year'!$C$2 -> 8158095.3 | L37: =K37/I37 -> 91.748525
A38: 44375 | B38: 37 | C38: Undetermined | D38: 88918 | E38: 7304294 | I38: 88918 | J38: 7304294 | K38: =J38*'Inflation Rates by Year'!$C$2 -> 8259403.5 | L38: =K38/I38 -> 92.887868
A39: 44376 | B39: 38 | C39: Undetermined | D39: 88918 | E39: 7404392.5 | I39: 88918 | J39: 7404392.5 | K39: =J39*'Inflation Rates by Year'!$C$2 -> 8372590.9 | L39: =K39/I39 -> 94.16081
A40: 44377 | B40: 39 | C40: Lightning/Natural | D40: 88918 | E40: 7404400 | I40: 88918 | J40: 7404400 | K40: =J40*'Inflation Rates by Year'!$C$2 -> 8372599.3 | L40: =K40/I40 -> 94.160905
A41: 44378 | B41: 40 | C41: Undetermined | D41: 88918 | E41: 7414000 | I41: 88918 | J41: 7414000 | K41: =J41*'Inflation Rates by Year'!$C$2 -> 8383454.6 | L41: =K41/I41 -> 94.282987
A42: 44385 | B42: 41 | C42: Lightning/Natural | D42: 88918 | E42: 10500000 | I42: 88918 | J42: 10500000 | K42: =J42*'Inflation Rates by Year'!$C$2 -> 11872980 | L42: =K42/I42 -> 133.52729
A43: 44392 | B43: 42 | C43: Undetermined | D43: 88918 | E43: 7500000 | I43: 88918 | J43: 7500000 | K43: =J43*'Inflation Rates by Year'!$C$2 -> 8480700 | L43: =K43/I43 -> 95.376639
